2025-11-29 18:03:25,683 - mmdet - INFO - Environment info:
------------------------------------------------------------
MMCV: 0.0.1
------------------------------------------------------------

2025-11-29 18:03:29,178 - mmdet - INFO - Distributed training: True
2025-11-29 18:03:32,564 - mmdet - INFO - Config:
point_cloud_range = [-51.2, -51.2, -5.0, 51.2, 51.2, 3.0]
class_names = [
    'car', 'van', 'truck', 'bicycle', 'traffic_sign', 'traffic_cone',
    'traffic_light', 'pedestrian', 'others'
]
dataset_type = 'B2DOrionDataset'
data_root = 'data/bench2drive'
input_modality = dict(
    use_lidar=True,
    use_camera=False,
    use_radar=False,
    use_map=False,
    use_external=False)
file_client_args = dict(backend='disk')
train_pipeline = [
    dict(type='LoadMultiViewImageFromFilesInCeph', to_float32=True),
    dict(type='PhotoMetricDistortionMultiViewImage'),
    dict(
        type='LoadAnnotations3D',
        with_bbox_3d=True,
        with_label_3d=True,
        with_attr_label=True,
        with_light_state=True),
    dict(
        type='VADObjectRangeFilter',
        point_cloud_range=[-51.2, -51.2, -5.0, 51.2, 51.2, 3.0]),
    dict(
        type='VADObjectNameFilter',
        classes=[
            'car', 'van', 'truck', 'bicycle', 'traffic_sign', 'traffic_cone',
            'traffic_light', 'pedestrian', 'others'
        ]),
    dict(
        type='ResizeCropFlipRotImage',
        data_aug_conf=dict(
            resize_lim=(0.37, 0.45),
            final_dim=(320, 640),
            bot_pct_lim=(0.0, 0.0),
            rot_lim=(0.0, 0.0),
            H=900,
            W=1600,
            rand_flip=False),
        training=True),
    dict(
        type='ResizeMultiview3D',
        img_scale=(640, 640),
        keep_ratio=False,
        multiscale_mode='value'),
    dict(type='PadMultiViewImage', size_divisor=32),
    dict(
        type='NormalizeMultiviewImage',
        mean=[123.675, 116.28, 103.53],
        std=[58.395, 57.12, 57.375],
        to_rgb=True),
    dict(
        type='PETRFormatBundle3D',
        class_names=[
            'car', 'van', 'truck', 'bicycle', 'traffic_sign', 'traffic_cone',
            'traffic_light', 'pedestrian', 'others'
        ],
        collect_keys=[
            'lidar2img', 'cam_intrinsic', 'timestamp', 'ego_pose',
            'ego_pose_inv', 'command'
        ]),
    dict(
        type='CustomCollect3D',
        keys=[
            'gt_bboxes_3d', 'gt_labels_3d', 'img', 'ego_his_trajs',
            'gt_attr_labels', 'ego_fut_trajs', 'ego_fut_masks', 'ego_fut_cmd',
            'ego_lcf_feat', 'can_bus', 'traffic_state_mask', 'traffic_state',
            'lidar2img', 'cam_intrinsic', 'timestamp', 'ego_pose',
            'ego_pose_inv', 'command'
        ])
]
test_pipeline = [
    dict(type='LoadMultiViewImageFromFilesInCeph', to_float32=True),
    dict(
        type='LoadAnnotations3D',
        with_bbox_3d=True,
        with_label_3d=True,
        with_attr_label=True),
    dict(
        type='VADObjectRangeFilter',
        point_cloud_range=[-51.2, -51.2, -5.0, 51.2, 51.2, 3.0]),
    dict(
        type='VADObjectNameFilter',
        classes=[
            'car', 'van', 'truck', 'bicycle', 'traffic_sign', 'traffic_cone',
            'traffic_light', 'pedestrian', 'others'
        ]),
    dict(
        type='ResizeCropFlipRotImage',
        data_aug_conf=dict(
            resize_lim=(0.37, 0.45),
            final_dim=(320, 640),
            bot_pct_lim=(0.0, 0.0),
            rot_lim=(0.0, 0.0),
            H=900,
            W=1600,
            rand_flip=False),
        training=False),
    dict(
        type='ResizeMultiview3D',
        img_scale=(640, 640),
        keep_ratio=False,
        multiscale_mode='value'),
    dict(
        type='NormalizeMultiviewImage',
        mean=[123.675, 116.28, 103.53],
        std=[58.395, 57.12, 57.375],
        to_rgb=True),
    dict(type='PadMultiViewImage', size_divisor=32),
    dict(
        type='MultiScaleFlipAug3D',
        img_scale=(1333, 800),
        pts_scale_ratio=1,
        flip=False,
        transforms=[
            dict(
                type='PETRFormatBundle3D',
                collect_keys=[
                    'lidar2img', 'cam_intrinsic', 'timestamp', 'ego_pose',
                    'ego_pose_inv', 'command'
                ],
                class_names=[
                    'car', 'van', 'truck', 'bicycle', 'traffic_sign',
                    'traffic_cone', 'traffic_light', 'pedestrian', 'others'
                ],
                with_label=False),
            dict(
                type='CustomCollect3D',
                keys=[
                    'gt_bboxes_3d', 'gt_labels_3d', 'img', 'ego_his_trajs',
                    'gt_attr_labels', 'ego_fut_trajs', 'ego_fut_masks',
                    'ego_fut_cmd', 'ego_lcf_feat', 'can_bus', 'fut_valid_flag',
                    'lidar2img', 'cam_intrinsic', 'timestamp', 'ego_pose',
                    'ego_pose_inv', 'command'
                ])
        ])
]
eval_pipeline = [
    dict(
        type='LoadPointsFromFile',
        coord_type='LIDAR',
        load_dim=5,
        use_dim=5,
        file_client_args=dict(backend='disk')),
    dict(
        type='LoadPointsFromMultiSweeps',
        sweeps_num=10,
        file_client_args=dict(backend='disk')),
    dict(
        type='DefaultFormatBundle3D',
        class_names=[
            'car', 'truck', 'trailer', 'bus', 'construction_vehicle',
            'bicycle', 'motorcycle', 'pedestrian', 'traffic_cone', 'barrier'
        ],
        with_label=False),
    dict(type='Collect3D', keys=['points'])
]
data = dict(
    samples_per_gpu=1,
    workers_per_gpu=0,
    train=dict(
        type='B2DOrionDataset',
        data_root='data/bench2drive',
        ann_file='data/infos/b2d_infos_train.pkl',
        pipeline=[
            dict(type='LoadMultiViewImageFromFilesInCeph', to_float32=True),
            dict(type='PhotoMetricDistortionMultiViewImage'),
            dict(
                type='LoadAnnotations3D',
                with_bbox_3d=True,
                with_label_3d=True,
                with_attr_label=True,
                with_light_state=True),
            dict(
                type='VADObjectRangeFilter',
                point_cloud_range=[-51.2, -51.2, -5.0, 51.2, 51.2, 3.0]),
            dict(
                type='VADObjectNameFilter',
                classes=[
                    'car', 'van', 'truck', 'bicycle', 'traffic_sign',
                    'traffic_cone', 'traffic_light', 'pedestrian', 'others'
                ]),
            dict(
                type='ResizeCropFlipRotImage',
                data_aug_conf=dict(
                    resize_lim=(0.37, 0.45),
                    final_dim=(320, 640),
                    bot_pct_lim=(0.0, 0.0),
                    rot_lim=(0.0, 0.0),
                    H=900,
                    W=1600,
                    rand_flip=False),
                training=True),
            dict(
                type='ResizeMultiview3D',
                img_scale=(640, 640),
                keep_ratio=False,
                multiscale_mode='value'),
            dict(type='PadMultiViewImage', size_divisor=32),
            dict(
                type='NormalizeMultiviewImage',
                mean=[123.675, 116.28, 103.53],
                std=[58.395, 57.12, 57.375],
                to_rgb=True),
            dict(
                type='PETRFormatBundle3D',
                class_names=[
                    'car', 'van', 'truck', 'bicycle', 'traffic_sign',
                    'traffic_cone', 'traffic_light', 'pedestrian', 'others'
                ],
                collect_keys=[
                    'lidar2img', 'cam_intrinsic', 'timestamp', 'ego_pose',
                    'ego_pose_inv', 'command'
                ]),
            dict(
                type='CustomCollect3D',
                keys=[
                    'gt_bboxes_3d', 'gt_labels_3d', 'img', 'ego_his_trajs',
                    'gt_attr_labels', 'ego_fut_trajs', 'ego_fut_masks',
                    'ego_fut_cmd', 'ego_lcf_feat', 'can_bus',
                    'traffic_state_mask', 'traffic_state', 'lidar2img',
                    'cam_intrinsic', 'timestamp', 'ego_pose', 'ego_pose_inv',
                    'command'
                ])
        ],
        classes=[
            'car', 'van', 'truck', 'bicycle', 'traffic_sign', 'traffic_cone',
            'traffic_light', 'pedestrian', 'others'
        ],
        modality=dict(
            use_lidar=False,
            use_camera=True,
            use_radar=False,
            use_map=False,
            use_external=True),
        test_mode=False,
        box_type_3d='LiDAR',
        limit_samples=8,
        seq_mode=False,
        name_mapping=dict({
            'vehicle.bh.crossbike': 'bicycle',
            'vehicle.diamondback.century': 'bicycle',
            'vehicle.gazelle.omafiets': 'bicycle',
            'vehicle.audi.etron': 'car',
            'vehicle.chevrolet.impala': 'car',
            'vehicle.dodge.charger_2020': 'car',
            'vehicle.dodge.charger_police': 'car',
            'vehicle.dodge.charger_police_2020': 'car',
            'vehicle.lincoln.mkz_2017': 'car',
            'vehicle.lincoln.mkz_2020': 'car',
            'vehicle.mini.cooper_s_2021': 'car',
            'vehicle.mercedes.coupe_2020': 'car',
            'vehicle.ford.mustang': 'car',
            'vehicle.nissan.patrol_2021': 'car',
            'vehicle.audi.tt': 'car',
            'vehicle.ford.crown': 'car',
            'vehicle.tesla.model3': 'car',
            'vehicle.tesla.model3_2020': 'car',
            'vehicle.harley-davidson.lowrider': 'motorcycle',
            'vehicle.ford.ambulance': 'van',
            'vehicle.carlamotors.firetruck': 'truck',
            'vehicle.ford.ambulance01': 'van',
            'vehicle.ford.ambulance02': 'van',
            'vehicle.mini.cooper_s': 'car',
            'vehicle.bmw.isetta': 'car',
            'vehicle.nissan.patrol_2020': 'car',
            'vehicle.jeep.wrangler_rubicon': 'car',
            'vehicle.mercedes.sprinter': 'van',
            'vehicle.toyota.prius': 'car',
            'vehicle.yamaha.yzf': 'motorcycle',
            'vehicle.dodge.pickup': 'car',
            'vehicle.ford.transit': 'van',
            'vehicle.mercedes.coupe': 'car',
            'vehicle.gmc.pickup': 'car',
            'vehicle.volkswagen.t2': 'van',
            'vehicle.bmw.130': 'car',
            'vehicle.lincoln.mkz2017': 'car',
            'vehicle.nissan.370z': 'car',
            'vehicle.sheriff.car': 'car',
            'vehicle.audi.a2': 'car',
            'vehicle.citroen.c3': 'car',
            'vehicle.jeep.grandcherokee': 'car',
            'vehicle.mini.clubman': 'car',
            'vehicle.opel.corsa': 'car',
            'vehicle.tesla.model3_future': 'car',
            'vehicle.tesla.cybertruck': 'car',
            'vehicle.volkswagen.t2_2021': 'van',
            'vehicle.mustanggt': 'car',
            'vehicle.ford_escort': 'car',
            'vehicle.carlamotors.european_hatchback': 'car',
            'vehicle.audi.a4': 'car',
            'vehicle.mercedes.coupe_2021': 'car',
            'vehicle.mercedes.coupe_2016': 'car',
            'vehicle.mitsubishi.fuso': 'truck',
            'vehicle.mitsubishi.fusotruck': 'truck',
            'vehicle.mitsubishi.fusotruck03': 'truck',
            'vehicle.carlamotors.coupe': 'car',
            'vehicle.carlamotors.family': 'car',
            'vehicle.dodge.charger': 'car',
            'vehicle.lincoln.mkz2018': 'car',
            'vehicle.mercedes.sprinter_2019': 'van',
            'vehicle.tesla.model3_2019': 'car',
            'vehicle.toyota.prius_2017': 'car',
            'vehicle.nissan.370z_2020': 'car',
            'vehicle.ford.mustang_2020': 'car',
            'vehicle.seat.leon': 'car',
            'vehicle.bmw.grandtourer': 'car',
            'vehicle.carlamotors.cabriolet': 'car',
            'vehicle.kawasaki.ninja': 'motorcycle',
            'vehicle.carlamotors.truck': 'truck',
            'vehicle.ford.flareside': 'car',
            'vehicle.ford.f150': 'truck',
            'vehicle.ford.mustang_2021': 'car',
            'vehicle.tesla.model3_2021': 'car',
            'vehicle.bh.crossbike01': 'bicycle',
            'vehicle.bh.crossbike02': 'bicycle',
            'vehicle.bh.crossbike03': 'bicycle',
            'vehicle.diamondback.century01': 'bicycle',
            'vehicle.diamondback.century02': 'bicycle',
            'vehicle.gazelle.omafiets01': 'bicycle',
            'vehicle.dodge_charger_police': 'car',
            'vehicle.ford.crown_police': 'car',
            'vehicle.ford.crown_police_2020': 'car',
            'vehicle.carlamotors.firetruck02': 'truck',
            'vehicle.carlamotors.firetruck03': 'truck',
            'vehicle.volkswagen.t2_2021_cargo': 'van',
            'vehicle.mitsubishi.outlander': 'car',
            'vehicle.carlamotors.polaris': 'car',
            'vehicle.nissan.patrol': 'car',
            'vehicle.toyota.prius_2021': 'car',
            'vehicle.lincoln.mkz_2021': 'car',
            'vehicle.vehicle': 'others',
            'vehicle.dodge.police': 'car',
            'vehicle.gmc.savana': 'van',
            'vehicle.gmc': 'car',
            'vehicle.tesla.model3_2018': 'car',
            'vehicle.audi': 'car',
            'vehicle.mercedes.sprinter_2020': 'van',
            'vehicle.ford.f150_2020': 'truck',
            'vehicle.dodge.charger_police_2021': 'car',
            'vehicle.nissan': 'car',
            'vehicle.carlamotors.european_hatchback_2020': 'car',
            'vehicle.bmw': 'car',
            'vehicle.bmw.330': 'car',
            'vehicle.bmw.grandtourer_2021': 'car',
            'vehicle.carlamotors.european_hatchback_2021': 'car',
            'vehicle.chevrolet': 'car',
            'vehicle.chevrolet.impala_2020': 'car',
            'vehicle.chevrolet.impala_2021': 'car',
            'vehicle.lincoln': 'car',
            'vehicle.lincoln.mkz_2021_police': 'car',
            'vehicle.mercedes': 'car',
            'vehicle.mercedes.coupe_2021_police': 'car',
            'vehicle.mercedes.coupe_2020_police': 'car',
            'vehicle.peterbilt.pull': 'truck',
            'vehicle.peterbilt.tow': 'truck',
            'vehicle.pontiac.firebird': 'car',
            'vehicle.toyota.prius_2020': 'car',
            'vehicle.toyota': 'car',
            'vehicle.toyota.prius_2022': 'car',
            'vehicle.volkswagen.t2_2020': 'van',
            'vehicle.gazelle.omafiets03': 'bicycle',
            'vehicle.gazelle.omafiets02': 'bicycle',
            'vehicle.diamondback.century03': 'bicycle',
            'vehicle.bh.crossbike04': 'bicycle',
            'vehicle.diamondback.century04': 'bicycle',
            'vehicle.carlamotors.cab': 'car',
            'vehicle.mini.cooper_s_2018': 'car',
            'vehicle.buggy': 'car',
            'vehicle.dodge.city': 'car',
            'vehicle.volkswagen.t2_2019': 'van',
            'vehicle.chevrolet.impala_1971': 'car',
            'vehicle.lincoln.mkz_2022': 'car',
            'vehicle.lincoln.mkz_2019': 'car',
            'vehicle.mercedes.coupe_2018': 'car',
            'vehicle.nissan.patrol_2019': 'car',
            'vehicle.tesla.model3_2017': 'car',
            'vehicle.tesla.model3_2016': 'car',
            'vehicle.toyota.prius_2019': 'car',
            'vehicle.ford.f150_2019': 'truck',
            'vehicle.gmc.pickup_2019': 'truck',
            'vehicle.carlamotors.european_hatchback_2019': 'car',
            'vehicle.carlamotors.firetruck01': 'truck',
            'vehicle.volkswagen.t2_2018': 'van',
            'vehicle.carlamotors.firetruck04': 'truck',
            'vehicle.peterbilt.pull_2020': 'truck',
            'vehicle.peterbilt.tow_2020': 'truck',
            'vehicle.dodge.pickup_2020': 'truck',
            'vehicle.carlamotors.coupe_2019': 'car',
            'vehicle.carlamotors.coupe_2020': 'car',
            'vehicle.carlamotors.coupe_2021': 'car',
            'vehicle.carlamotors.family_2019': 'car',
            'vehicle.carlamotors.family_2020': 'car',
            'vehicle.carlamotors.family_2021': 'car',
            'vehicle.carlamotors.cabriolet_2019': 'car',
            'vehicle.carlamotors.cabriolet_2020': 'car',
            'vehicle.carlamotors.cabriolet_2021': 'car',
            'vehicle.carlamotors.coupe_2018': 'car',
            'vehicle.carlamotors.family_2018': 'car',
            'vehicle.carlamotors.cabriolet_2018': 'car',
            'vehicle.carlamotors.coupe_police': 'car',
            'vehicle.carlamotors.family_police': 'car',
            'vehicle.mercedes.coupe_police': 'car',
            'vehicle.dodge.charger_police_2018': 'car',
            'vehicle.dodge.charger_police_2019': 'car',
            'vehicle.dodge.charger_police_2022': 'car',
            'vehicle.carlamotors.cab_2020': 'car',
            'vehicle.carlamotors.cab_2021': 'car',
            'vehicle.carlamotors.truck_2018': 'truck',
            'vehicle.carlamotors.truck_2019': 'truck',
            'vehicle.carlamotors.truck_2020': 'truck',
            'vehicle.carlamotors.truck_2021': 'truck',
            'vehicle.tesla.cybertruck_2020': 'truck',
            'vehicle.tesla.cybertruck_2021': 'truck',
            'vehicle.tesla.cybertruck_2022': 'truck',
            'vehicle.carlamotors.polaris_2020': 'car',
            'vehicle.carlamotors.polaris_2021': 'car',
            'vehicle.carlamotors.polaris_2022': 'car',
            'vehicle.chevrolet.impala_2018': 'car',
            'vehicle.chevrolet.impala_2019': 'car',
            'vehicle.volkswagen.t2_2022': 'van',
            'vehicle.carlamotors.european_hatchback_2022': 'car',
            'vehicle.dodge.charger_2018': 'car',
            'vehicle.dodge.charger_2019': 'car',
            'vehicle.dohany': 'others',
            'vehicle.ford.mustang_2019': 'car',
            'vehicle.nissan.patrol_2022': 'car',
            'vehicle.ford.f150_2022': 'truck',
            'vehicle.ford.f150_2021': 'truck',
            'vehicle.gmc.pickup_2022': 'truck',
            'vehicle.gmc.pickup_2021': 'truck',
            'vehicle.tesla.model3_2022': 'car',
            'vehicle.lotus.elise': 'car',
            'vehicle.carlamotors.european_hatchback_2017': 'car',
            'vehicle.carlamotors.family_2017': 'car',
            'vehicle.carlamotors.coupe_2017': 'car',
            'vehicle.carlamotors.cabriolet_2017': 'car',
            'vehicle.tesla.model3_future2': 'car',
            'vehicle.tesla.model3_future3': 'car',
            'vehicle.carlamotors.cab_2019': 'car',
            'vehicle.carlamotors.cab_2018': 'car',
            'vehicle.carlamotors.cab_2017': 'car',
            'vehicle.carlamotors.truck_2017': 'truck',
            'vehicle.carlamotors.truck_2016': 'truck',
            'vehicle.carlamotors.cabriolet_police': 'car',
            'vehicle.mercedes.coupe_2017': 'car',
            'vehicle.mercedes.coupe_2016_police': 'car',
            'vehicle.sheriff.car_2020': 'car',
            'vehicle.sheriff.car_2021': 'car',
            'vehicle.dodge.charger_police_2017': 'car',
            'vehicle.dodge.charger_2017': 'car',
            'vehicle.volkswagen.t2_2017': 'van',
            'vehicle.volkswagen.t2_2016': 'van',
            'vehicle.ford.f150_2018': 'truck',
            'vehicle.tesla.model3_2015': 'car',
            'vehicle.chevrolet.impala_2017': 'car',
            'vehicle.gmc.pickup_2018': 'truck',
            'vehicle.dodge.pickup_2019': 'truck',
            'vehicle.dodge.pickup_2018': 'truck',
            'vehicle.dodge.pickup_2017': 'truck',
            'vehicle.mustang': 'car',
            'vehicle.mustang_2021': 'car',
            'vehicle.mustang_2022': 'car',
            'vehicle.mustang_2023': 'car',
            'vehicle.mustang.gt': 'car',
            'vehicle.volkswagen.t2_cargo': 'van',
            'vehicle.tesla.cybertruck_2023': 'truck',
            'vehicle.ford.f150_2023': 'truck',
            'vehicle.gmc.pickup_2023': 'truck',
            'vehicle.dodge.pickup_2023': 'truck',
            'vehicle.tesla.cybertruck_2024': 'truck',
            'vehicle.tesla.cybertruck_2025': 'truck',
            'vehicle.dodge.pickup_2024': 'truck',
            'vehicle.carlamotors.truck_2022': 'truck',
            'vehicle.carlamotors.coupe_2022': 'car',
            'vehicle.carlamotors.cabriolet_2022': 'car',
            'vehicle.carlamotors.family_2022': 'car',
            'vehicle.carlamotors.european_hatchback_2023': 'car',
            'vehicle.carlamotors.coupe_2023': 'car',
            'vehicle.carlamotors.cabriolet_2023': 'car',
            'vehicle.carlamotors.family_2023': 'car',
            'vehicle.carlamotors.european_hatchback_2024': 'car',
            'vehicle.carlamotors.coupe_2024': 'car',
            'vehicle.carlamotors.cabriolet_2024': 'car',
            'vehicle.carlamotors.family_2024': 'car',
            'vehicle.carlamotors.european_hatchback_2025': 'car',
            'vehicle.carlamotors.coupe_2025': 'car',
            'vehicle.carlamotors.cabriolet_2025': 'car',
            'vehicle.carlamotors.family_2025': 'car',
            'vehicle.carlamotors.european_hatchback_2015': 'car',
            'vehicle.carlamotors.family_2015': 'car',
            'vehicle.carlamotors.coupe_2015': 'car',
            'vehicle.carlamotors.cabriolet_2015': 'car',
            'vehicle.carlamotors.truck_2015': 'truck',
            'vehicle.carlamotors.coupe_2014': 'car',
            'vehicle.carlamotors.family_2014': 'car',
            'vehicle.carlamotors.cabriolet_2014': 'car',
            'vehicle.carlamotors.truck_2014': 'truck',
            'vehicle.carlamotors.coupe_2013': 'car',
            'vehicle.carlamotors.family_2013': 'car',
            'vehicle.carlamotors.cabriolet_2013': 'car',
            'vehicle.carlamotors.truck_2013': 'truck',
            'vehicle.carlamotors.coupe_2012': 'car',
            'vehicle.carlamotors.family_2012': 'car',
            'vehicle.carlamotors.cabriolet_2012': 'car',
            'vehicle.carlamotors.truck_2012': 'truck',
            'vehicle.carlamotors.coupe_2011': 'car',
            'vehicle.carlamotors.family_2011': 'car',
            'vehicle.carlamotors.cabriolet_2011': 'car',
            'vehicle.carlamotors.truck_2011': 'truck',
            'vehicle.carlamotors.coupe_2010': 'car',
            'vehicle.carlamotors.family_2010': 'car',
            'vehicle.carlamotors.cabriolet_2010': 'car',
            'vehicle.carlamotors.truck_2010': 'truck',
            'vehicle.carlamotors.coupe_2009': 'car',
            'vehicle.carlamotors.family_2009': 'car',
            'vehicle.carlamotors.cabriolet_2009': 'car',
            'vehicle.carlamotors.truck_2009': 'truck',
            'vehicle.carlamotors.coupe_2008': 'car',
            'vehicle.carlamotors.family_2008': 'car',
            'vehicle.carlamotors.cabriolet_2008': 'car',
            'vehicle.carlamotors.truck_2008': 'truck',
            'vehicle.carlamotors.coupe_2007': 'car',
            'vehicle.carlamotors.family_2007': 'car',
            'vehicle.carlamotors.cabriolet_2007': 'car',
            'vehicle.carlamotors.truck_2007': 'truck',
            'vehicle.carlamotors.coupe_2006': 'car',
            'vehicle.carlamotors.family_2006': 'car',
            'vehicle.carlamotors.cabriolet_2006': 'car',
            'vehicle.carlamotors.truck_2006': 'truck',
            'vehicle.carlamotors.coupe_2005': 'car',
            'vehicle.carlamotors.family_2005': 'car',
            'vehicle.carlamotors.cabriolet_2005': 'car',
            'vehicle.carlamotors.truck_2005': 'truck',
            'vehicle.carlamotors.coupe_2004': 'car',
            'vehicle.carlamotors.family_2004': 'car',
            'vehicle.carlamotors.cabriolet_2004': 'car',
            'vehicle.carlamotors.truck_2004': 'truck',
            'vehicle.carlamotors.coupe_2003': 'car',
            'vehicle.carlamotors.family_2003': 'car',
            'vehicle.mitsubishi.fusotruck02': 'truck',
            'vehicle.gazelle.omafiets04': 'bicycle',
            'vehicle.diamondback.century05': 'bicycle',
            'vehicle.bh.crossbike05': 'bicycle',
            'vehicle.bh.crossbike06': 'bicycle',
            'vehicle.diamondback.century06': 'bicycle',
            'vehicle.gazelle.omafiets05': 'bicycle',
            'vehicle.gazelle.omafiets06': 'bicycle',
            'vehicle.bh.crossbike07': 'bicycle',
            'vehicle.diamondback.century07': 'bicycle',
            'vehicle.nissan.nissan_dolvo': 'car',
            'vehicle.carlamotors.bus': 'bus',
            'vehicle.mercedes.bus': 'bus',
            'vehicle.toyota.prius_xlight': 'car',
            'vehicle.mercedes.sprinter_xlight': 'van',
            'vehicle.tesla.model3_xlight': 'car',
            'vehicle.ford.mustang_xlight': 'car',
            'vehicle.lincoln.mkz_xlight': 'car',
            'vehicle.volkswagen.t2_xlight': 'van',
            'vehicle.ford.f150_xlight': 'truck',
            'vehicle.gmc.pickup_xlight': 'truck',
            'vehicle.bh.crossbike_xlight': 'bicycle',
            'vehicle.diamondback.century_xlight': 'bicycle',
            'vehicle.gazelle.omafiets_xlight': 'bicycle',
            'vehicle.mercedes.coupe_xlight': 'car',
            'vehicle.dodge.charger_xlight': 'car',
            'vehicle.dodge.charger_police_xlight': 'car',
            'vehicle.carlamotors.coupe_xlight': 'car',
            'vehicle.carlamotors.family_xlight': 'car',
            'vehicle.carlamotors.cabriolet_xlight': 'car',
            'vehicle.carlamotors.truck_xlight': 'truck',
            'vehicle.mitsubishi.fuso_xlight': 'truck',
            'vehicle.carlamotors.firetruck_xlight': 'truck',
            'vehicle.carlamotors.cab_xlight': 'car',
            'vehicle.carlamotors.polaris_xlight': 'car',
            'vehicle.tesla.cybertruck_xlight': 'truck',
            'vehicle.peterbilt.pull_xlight': 'truck',
            'vehicle.peterbilt.tow_xlight': 'truck',
            'vehicle.dodge.pickup_xlight': 'truck',
            'vehicle.ford.ambulance_xlight': 'van',
            'vehicle.carlamotors.firetruck01_xlight': 'truck',
            'vehicle.carlamotors.firetruck02_xlight': 'truck',
            'vehicle.carlamotors.firetruck03_xlight': 'truck',
            'vehicle.volkswagen.t2_2021_xlight': 'van',
            'vehicle.carlamotors.european_hatchback_xlight': 'car',
            'vehicle.bmw.grandtourer_xlight': 'car',
            'vehicle.nissan.370z_xlight': 'car',
            'vehicle.seat.leon_xlight': 'car',
            'vehicle.chevrolet.impala_xlight': 'car',
            'vehicle.lincoln.mkz2017_xlight': 'car',
            'vehicle.citroen.c3_xlight': 'car',
            'vehicle.mini.clubman_xlight': 'car',
            'vehicle.audi.a2_xlight': 'car',
            'vehicle.bmw.130_xlight': 'car',
            'vehicle.mercedes.coupe_2020_xlight': 'car',
            'vehicle.opel.corsa_xlight': 'car',
            'vehicle.jeep.grandcherokee_xlight': 'car',
            'vehicle.jeep.wrangler_rubicon_xlight': 'car',
            'vehicle.audi.a4_xlight': 'car',
            'vehicle.toyota.prius_2021_xlight': 'car',
            'vehicle.mercedes.coupe_2021_xlight': 'car',
            'vehicle.nissan.370z_2020_xlight': 'car',
            'vehicle.ford.mustang_2020_xlight': 'car',
            'vehicle.carlamotors.cab_2020_xlight': 'car',
            'vehicle.carlamotors.cab_2021_xlight': 'car'
        }),
        map_root='data/bench2drive/maps',
        map_file='data/infos/b2d_map_infos.pkl',
        queue_length=1,
        past_frames=2,
        future_frames=6,
        point_cloud_range=[-51.2, -51.2, -5.0, 51.2, 51.2, 3.0],
        polyline_points_num=11),
    val=dict(
        type='B2DOrionDataset',
        data_root='data/bench2drive',
        ann_file='data/infos/b2d_infos_val.pkl',
        pipeline=[
            dict(type='LoadMultiViewImageFromFilesInCeph', to_float32=True),
            dict(
                type='LoadAnnotations3D',
                with_bbox_3d=True,
                with_label_3d=True,
                with_attr_label=True),
            dict(
                type='VADObjectRangeFilter',
                point_cloud_range=[-51.2, -51.2, -5.0, 51.2, 51.2, 3.0]),
            dict(
                type='VADObjectNameFilter',
                classes=[
                    'car', 'van', 'truck', 'bicycle', 'traffic_sign',
                    'traffic_cone', 'traffic_light', 'pedestrian', 'others'
                ]),
            dict(
                type='ResizeCropFlipRotImage',
                data_aug_conf=dict(
                    resize_lim=(0.37, 0.45),
                    final_dim=(320, 640),
                    bot_pct_lim=(0.0, 0.0),
                    rot_lim=(0.0, 0.0),
                    H=900,
                    W=1600,
                    rand_flip=False),
                training=False),
            dict(
                type='ResizeMultiview3D',
                img_scale=(640, 640),
                keep_ratio=False,
                multiscale_mode='value'),
            dict(
                type='NormalizeMultiviewImage',
                mean=[123.675, 116.28, 103.53],
                std=[58.395, 57.12, 57.375],
                to_rgb=True),
            dict(type='PadMultiViewImage', size_divisor=32),
            dict(
                type='MultiScaleFlipAug3D',
                img_scale=(1333, 800),
                pts_scale_ratio=1,
                flip=False,
                transforms=[
                    dict(
                        type='PETRFormatBundle3D',
                        collect_keys=[
                            'lidar2img', 'cam_intrinsic', 'timestamp',
                            'ego_pose', 'ego_pose_inv', 'command'
                        ],
                        class_names=[
                            'car', 'van', 'truck', 'bicycle', 'traffic_sign',
                            'traffic_cone', 'traffic_light', 'pedestrian',
                            'others'
                        ],
                        with_label=False),
                    dict(
                        type='CustomCollect3D',
                        keys=[
                            'gt_bboxes_3d', 'gt_labels_3d', 'img',
                            'ego_his_trajs', 'gt_attr_labels', 'ego_fut_trajs',
                            'ego_fut_masks', 'ego_fut_cmd', 'ego_lcf_feat',
                            'can_bus', 'fut_valid_flag', 'lidar2img',
                            'cam_intrinsic', 'timestamp', 'ego_pose',
                            'ego_pose_inv', 'command'
                        ])
                ])
        ],
        classes=[
            'car', 'van', 'truck', 'bicycle', 'traffic_sign', 'traffic_cone',
            'traffic_light', 'pedestrian', 'others'
        ],
        modality=dict(
            use_lidar=False,
            use_camera=True,
            use_radar=False,
            use_map=False,
            use_external=True),
        test_mode=True,
        box_type_3d='LiDAR',
        limit_samples=6,
        seq_mode=False,
        name_mapping=dict({
            'vehicle.bh.crossbike': 'bicycle',
            'vehicle.diamondback.century': 'bicycle',
            'vehicle.gazelle.omafiets': 'bicycle',
            'vehicle.audi.etron': 'car',
            'vehicle.chevrolet.impala': 'car',
            'vehicle.dodge.charger_2020': 'car',
            'vehicle.dodge.charger_police': 'car',
            'vehicle.dodge.charger_police_2020': 'car',
            'vehicle.lincoln.mkz_2017': 'car',
            'vehicle.lincoln.mkz_2020': 'car',
            'vehicle.mini.cooper_s_2021': 'car',
            'vehicle.mercedes.coupe_2020': 'car',
            'vehicle.ford.mustang': 'car',
            'vehicle.nissan.patrol_2021': 'car',
            'vehicle.audi.tt': 'car',
            'vehicle.ford.crown': 'car',
            'vehicle.tesla.model3': 'car',
            'vehicle.tesla.model3_2020': 'car',
            'vehicle.harley-davidson.lowrider': 'motorcycle',
            'vehicle.ford.ambulance': 'van',
            'vehicle.carlamotors.firetruck': 'truck',
            'vehicle.ford.ambulance01': 'van',
            'vehicle.ford.ambulance02': 'van',
            'vehicle.mini.cooper_s': 'car',
            'vehicle.bmw.isetta': 'car',
            'vehicle.nissan.patrol_2020': 'car',
            'vehicle.jeep.wrangler_rubicon': 'car',
            'vehicle.mercedes.sprinter': 'van',
            'vehicle.toyota.prius': 'car',
            'vehicle.yamaha.yzf': 'motorcycle',
            'vehicle.dodge.pickup': 'car',
            'vehicle.ford.transit': 'van',
            'vehicle.mercedes.coupe': 'car',
            'vehicle.gmc.pickup': 'car',
            'vehicle.volkswagen.t2': 'van',
            'vehicle.bmw.130': 'car',
            'vehicle.lincoln.mkz2017': 'car',
            'vehicle.nissan.370z': 'car',
            'vehicle.sheriff.car': 'car',
            'vehicle.audi.a2': 'car',
            'vehicle.citroen.c3': 'car',
            'vehicle.jeep.grandcherokee': 'car',
            'vehicle.mini.clubman': 'car',
            'vehicle.opel.corsa': 'car',
            'vehicle.tesla.model3_future': 'car',
            'vehicle.tesla.cybertruck': 'car',
            'vehicle.volkswagen.t2_2021': 'van',
            'vehicle.mustanggt': 'car',
            'vehicle.ford_escort': 'car',
            'vehicle.carlamotors.european_hatchback': 'car',
            'vehicle.audi.a4': 'car',
            'vehicle.mercedes.coupe_2021': 'car',
            'vehicle.mercedes.coupe_2016': 'car',
            'vehicle.mitsubishi.fuso': 'truck',
            'vehicle.mitsubishi.fusotruck': 'truck',
            'vehicle.mitsubishi.fusotruck03': 'truck',
            'vehicle.carlamotors.coupe': 'car',
            'vehicle.carlamotors.family': 'car',
            'vehicle.dodge.charger': 'car',
            'vehicle.lincoln.mkz2018': 'car',
            'vehicle.mercedes.sprinter_2019': 'van',
            'vehicle.tesla.model3_2019': 'car',
            'vehicle.toyota.prius_2017': 'car',
            'vehicle.nissan.370z_2020': 'car',
            'vehicle.ford.mustang_2020': 'car',
            'vehicle.seat.leon': 'car',
            'vehicle.bmw.grandtourer': 'car',
            'vehicle.carlamotors.cabriolet': 'car',
            'vehicle.kawasaki.ninja': 'motorcycle',
            'vehicle.carlamotors.truck': 'truck',
            'vehicle.ford.flareside': 'car',
            'vehicle.ford.f150': 'truck',
            'vehicle.ford.mustang_2021': 'car',
            'vehicle.tesla.model3_2021': 'car',
            'vehicle.bh.crossbike01': 'bicycle',
            'vehicle.bh.crossbike02': 'bicycle',
            'vehicle.bh.crossbike03': 'bicycle',
            'vehicle.diamondback.century01': 'bicycle',
            'vehicle.diamondback.century02': 'bicycle',
            'vehicle.gazelle.omafiets01': 'bicycle',
            'vehicle.dodge_charger_police': 'car',
            'vehicle.ford.crown_police': 'car',
            'vehicle.ford.crown_police_2020': 'car',
            'vehicle.carlamotors.firetruck02': 'truck',
            'vehicle.carlamotors.firetruck03': 'truck',
            'vehicle.volkswagen.t2_2021_cargo': 'van',
            'vehicle.mitsubishi.outlander': 'car',
            'vehicle.carlamotors.polaris': 'car',
            'vehicle.nissan.patrol': 'car',
            'vehicle.toyota.prius_2021': 'car',
            'vehicle.lincoln.mkz_2021': 'car',
            'vehicle.vehicle': 'others',
            'vehicle.dodge.police': 'car',
            'vehicle.gmc.savana': 'van',
            'vehicle.gmc': 'car',
            'vehicle.tesla.model3_2018': 'car',
            'vehicle.audi': 'car',
            'vehicle.mercedes.sprinter_2020': 'van',
            'vehicle.ford.f150_2020': 'truck',
            'vehicle.dodge.charger_police_2021': 'car',
            'vehicle.nissan': 'car',
            'vehicle.carlamotors.european_hatchback_2020': 'car',
            'vehicle.bmw': 'car',
            'vehicle.bmw.330': 'car',
            'vehicle.bmw.grandtourer_2021': 'car',
            'vehicle.carlamotors.european_hatchback_2021': 'car',
            'vehicle.chevrolet': 'car',
            'vehicle.chevrolet.impala_2020': 'car',
            'vehicle.chevrolet.impala_2021': 'car',
            'vehicle.lincoln': 'car',
            'vehicle.lincoln.mkz_2021_police': 'car',
            'vehicle.mercedes': 'car',
            'vehicle.mercedes.coupe_2021_police': 'car',
            'vehicle.mercedes.coupe_2020_police': 'car',
            'vehicle.peterbilt.pull': 'truck',
            'vehicle.peterbilt.tow': 'truck',
            'vehicle.pontiac.firebird': 'car',
            'vehicle.toyota.prius_2020': 'car',
            'vehicle.toyota': 'car',
            'vehicle.toyota.prius_2022': 'car',
            'vehicle.volkswagen.t2_2020': 'van',
            'vehicle.gazelle.omafiets03': 'bicycle',
            'vehicle.gazelle.omafiets02': 'bicycle',
            'vehicle.diamondback.century03': 'bicycle',
            'vehicle.bh.crossbike04': 'bicycle',
            'vehicle.diamondback.century04': 'bicycle',
            'vehicle.carlamotors.cab': 'car',
            'vehicle.mini.cooper_s_2018': 'car',
            'vehicle.buggy': 'car',
            'vehicle.dodge.city': 'car',
            'vehicle.volkswagen.t2_2019': 'van',
            'vehicle.chevrolet.impala_1971': 'car',
            'vehicle.lincoln.mkz_2022': 'car',
            'vehicle.lincoln.mkz_2019': 'car',
            'vehicle.mercedes.coupe_2018': 'car',
            'vehicle.nissan.patrol_2019': 'car',
            'vehicle.tesla.model3_2017': 'car',
            'vehicle.tesla.model3_2016': 'car',
            'vehicle.toyota.prius_2019': 'car',
            'vehicle.ford.f150_2019': 'truck',
            'vehicle.gmc.pickup_2019': 'truck',
            'vehicle.carlamotors.european_hatchback_2019': 'car',
            'vehicle.carlamotors.firetruck01': 'truck',
            'vehicle.volkswagen.t2_2018': 'van',
            'vehicle.carlamotors.firetruck04': 'truck',
            'vehicle.peterbilt.pull_2020': 'truck',
            'vehicle.peterbilt.tow_2020': 'truck',
            'vehicle.dodge.pickup_2020': 'truck',
            'vehicle.carlamotors.coupe_2019': 'car',
            'vehicle.carlamotors.coupe_2020': 'car',
            'vehicle.carlamotors.coupe_2021': 'car',
            'vehicle.carlamotors.family_2019': 'car',
            'vehicle.carlamotors.family_2020': 'car',
            'vehicle.carlamotors.family_2021': 'car',
            'vehicle.carlamotors.cabriolet_2019': 'car',
            'vehicle.carlamotors.cabriolet_2020': 'car',
            'vehicle.carlamotors.cabriolet_2021': 'car',
            'vehicle.carlamotors.coupe_2018': 'car',
            'vehicle.carlamotors.family_2018': 'car',
            'vehicle.carlamotors.cabriolet_2018': 'car',
            'vehicle.carlamotors.coupe_police': 'car',
            'vehicle.carlamotors.family_police': 'car',
            'vehicle.mercedes.coupe_police': 'car',
            'vehicle.dodge.charger_police_2018': 'car',
            'vehicle.dodge.charger_police_2019': 'car',
            'vehicle.dodge.charger_police_2022': 'car',
            'vehicle.carlamotors.cab_2020': 'car',
            'vehicle.carlamotors.cab_2021': 'car',
            'vehicle.carlamotors.truck_2018': 'truck',
            'vehicle.carlamotors.truck_2019': 'truck',
            'vehicle.carlamotors.truck_2020': 'truck',
            'vehicle.carlamotors.truck_2021': 'truck',
            'vehicle.tesla.cybertruck_2020': 'truck',
            'vehicle.tesla.cybertruck_2021': 'truck',
            'vehicle.tesla.cybertruck_2022': 'truck',
            'vehicle.carlamotors.polaris_2020': 'car',
            'vehicle.carlamotors.polaris_2021': 'car',
            'vehicle.carlamotors.polaris_2022': 'car',
            'vehicle.chevrolet.impala_2018': 'car',
            'vehicle.chevrolet.impala_2019': 'car',
            'vehicle.volkswagen.t2_2022': 'van',
            'vehicle.carlamotors.european_hatchback_2022': 'car',
            'vehicle.dodge.charger_2018': 'car',
            'vehicle.dodge.charger_2019': 'car',
            'vehicle.dohany': 'others',
            'vehicle.ford.mustang_2019': 'car',
            'vehicle.nissan.patrol_2022': 'car',
            'vehicle.ford.f150_2022': 'truck',
            'vehicle.ford.f150_2021': 'truck',
            'vehicle.gmc.pickup_2022': 'truck',
            'vehicle.gmc.pickup_2021': 'truck',
            'vehicle.tesla.model3_2022': 'car',
            'vehicle.lotus.elise': 'car',
            'vehicle.carlamotors.european_hatchback_2017': 'car',
            'vehicle.carlamotors.family_2017': 'car',
            'vehicle.carlamotors.coupe_2017': 'car',
            'vehicle.carlamotors.cabriolet_2017': 'car',
            'vehicle.tesla.model3_future2': 'car',
            'vehicle.tesla.model3_future3': 'car',
            'vehicle.carlamotors.cab_2019': 'car',
            'vehicle.carlamotors.cab_2018': 'car',
            'vehicle.carlamotors.cab_2017': 'car',
            'vehicle.carlamotors.truck_2017': 'truck',
            'vehicle.carlamotors.truck_2016': 'truck',
            'vehicle.carlamotors.cabriolet_police': 'car',
            'vehicle.mercedes.coupe_2017': 'car',
            'vehicle.mercedes.coupe_2016_police': 'car',
            'vehicle.sheriff.car_2020': 'car',
            'vehicle.sheriff.car_2021': 'car',
            'vehicle.dodge.charger_police_2017': 'car',
            'vehicle.dodge.charger_2017': 'car',
            'vehicle.volkswagen.t2_2017': 'van',
            'vehicle.volkswagen.t2_2016': 'van',
            'vehicle.ford.f150_2018': 'truck',
            'vehicle.tesla.model3_2015': 'car',
            'vehicle.chevrolet.impala_2017': 'car',
            'vehicle.gmc.pickup_2018': 'truck',
            'vehicle.dodge.pickup_2019': 'truck',
            'vehicle.dodge.pickup_2018': 'truck',
            'vehicle.dodge.pickup_2017': 'truck',
            'vehicle.mustang': 'car',
            'vehicle.mustang_2021': 'car',
            'vehicle.mustang_2022': 'car',
            'vehicle.mustang_2023': 'car',
            'vehicle.mustang.gt': 'car',
            'vehicle.volkswagen.t2_cargo': 'van',
            'vehicle.tesla.cybertruck_2023': 'truck',
            'vehicle.ford.f150_2023': 'truck',
            'vehicle.gmc.pickup_2023': 'truck',
            'vehicle.dodge.pickup_2023': 'truck',
            'vehicle.tesla.cybertruck_2024': 'truck',
            'vehicle.tesla.cybertruck_2025': 'truck',
            'vehicle.dodge.pickup_2024': 'truck',
            'vehicle.carlamotors.truck_2022': 'truck',
            'vehicle.carlamotors.coupe_2022': 'car',
            'vehicle.carlamotors.cabriolet_2022': 'car',
            'vehicle.carlamotors.family_2022': 'car',
            'vehicle.carlamotors.european_hatchback_2023': 'car',
            'vehicle.carlamotors.coupe_2023': 'car',
            'vehicle.carlamotors.cabriolet_2023': 'car',
            'vehicle.carlamotors.family_2023': 'car',
            'vehicle.carlamotors.european_hatchback_2024': 'car',
            'vehicle.carlamotors.coupe_2024': 'car',
            'vehicle.carlamotors.cabriolet_2024': 'car',
            'vehicle.carlamotors.family_2024': 'car',
            'vehicle.carlamotors.european_hatchback_2025': 'car',
            'vehicle.carlamotors.coupe_2025': 'car',
            'vehicle.carlamotors.cabriolet_2025': 'car',
            'vehicle.carlamotors.family_2025': 'car',
            'vehicle.carlamotors.european_hatchback_2015': 'car',
            'vehicle.carlamotors.family_2015': 'car',
            'vehicle.carlamotors.coupe_2015': 'car',
            'vehicle.carlamotors.cabriolet_2015': 'car',
            'vehicle.carlamotors.truck_2015': 'truck',
            'vehicle.carlamotors.coupe_2014': 'car',
            'vehicle.carlamotors.family_2014': 'car',
            'vehicle.carlamotors.cabriolet_2014': 'car',
            'vehicle.carlamotors.truck_2014': 'truck',
            'vehicle.carlamotors.coupe_2013': 'car',
            'vehicle.carlamotors.family_2013': 'car',
            'vehicle.carlamotors.cabriolet_2013': 'car',
            'vehicle.carlamotors.truck_2013': 'truck',
            'vehicle.carlamotors.coupe_2012': 'car',
            'vehicle.carlamotors.family_2012': 'car',
            'vehicle.carlamotors.cabriolet_2012': 'car',
            'vehicle.carlamotors.truck_2012': 'truck',
            'vehicle.carlamotors.coupe_2011': 'car',
            'vehicle.carlamotors.family_2011': 'car',
            'vehicle.carlamotors.cabriolet_2011': 'car',
            'vehicle.carlamotors.truck_2011': 'truck',
            'vehicle.carlamotors.coupe_2010': 'car',
            'vehicle.carlamotors.family_2010': 'car',
            'vehicle.carlamotors.cabriolet_2010': 'car',
            'vehicle.carlamotors.truck_2010': 'truck',
            'vehicle.carlamotors.coupe_2009': 'car',
            'vehicle.carlamotors.family_2009': 'car',
            'vehicle.carlamotors.cabriolet_2009': 'car',
            'vehicle.carlamotors.truck_2009': 'truck',
            'vehicle.carlamotors.coupe_2008': 'car',
            'vehicle.carlamotors.family_2008': 'car',
            'vehicle.carlamotors.cabriolet_2008': 'car',
            'vehicle.carlamotors.truck_2008': 'truck',
            'vehicle.carlamotors.coupe_2007': 'car',
            'vehicle.carlamotors.family_2007': 'car',
            'vehicle.carlamotors.cabriolet_2007': 'car',
            'vehicle.carlamotors.truck_2007': 'truck',
            'vehicle.carlamotors.coupe_2006': 'car',
            'vehicle.carlamotors.family_2006': 'car',
            'vehicle.carlamotors.cabriolet_2006': 'car',
            'vehicle.carlamotors.truck_2006': 'truck',
            'vehicle.carlamotors.coupe_2005': 'car',
            'vehicle.carlamotors.family_2005': 'car',
            'vehicle.carlamotors.cabriolet_2005': 'car',
            'vehicle.carlamotors.truck_2005': 'truck',
            'vehicle.carlamotors.coupe_2004': 'car',
            'vehicle.carlamotors.family_2004': 'car',
            'vehicle.carlamotors.cabriolet_2004': 'car',
            'vehicle.carlamotors.truck_2004': 'truck',
            'vehicle.carlamotors.coupe_2003': 'car',
            'vehicle.carlamotors.family_2003': 'car',
            'vehicle.mitsubishi.fusotruck02': 'truck',
            'vehicle.gazelle.omafiets04': 'bicycle',
            'vehicle.diamondback.century05': 'bicycle',
            'vehicle.bh.crossbike05': 'bicycle',
            'vehicle.bh.crossbike06': 'bicycle',
            'vehicle.diamondback.century06': 'bicycle',
            'vehicle.gazelle.omafiets05': 'bicycle',
            'vehicle.gazelle.omafiets06': 'bicycle',
            'vehicle.bh.crossbike07': 'bicycle',
            'vehicle.diamondback.century07': 'bicycle',
            'vehicle.nissan.nissan_dolvo': 'car',
            'vehicle.carlamotors.bus': 'bus',
            'vehicle.mercedes.bus': 'bus',
            'vehicle.toyota.prius_xlight': 'car',
            'vehicle.mercedes.sprinter_xlight': 'van',
            'vehicle.tesla.model3_xlight': 'car',
            'vehicle.ford.mustang_xlight': 'car',
            'vehicle.lincoln.mkz_xlight': 'car',
            'vehicle.volkswagen.t2_xlight': 'van',
            'vehicle.ford.f150_xlight': 'truck',
            'vehicle.gmc.pickup_xlight': 'truck',
            'vehicle.bh.crossbike_xlight': 'bicycle',
            'vehicle.diamondback.century_xlight': 'bicycle',
            'vehicle.gazelle.omafiets_xlight': 'bicycle',
            'vehicle.mercedes.coupe_xlight': 'car',
            'vehicle.dodge.charger_xlight': 'car',
            'vehicle.dodge.charger_police_xlight': 'car',
            'vehicle.carlamotors.coupe_xlight': 'car',
            'vehicle.carlamotors.family_xlight': 'car',
            'vehicle.carlamotors.cabriolet_xlight': 'car',
            'vehicle.carlamotors.truck_xlight': 'truck',
            'vehicle.mitsubishi.fuso_xlight': 'truck',
            'vehicle.carlamotors.firetruck_xlight': 'truck',
            'vehicle.carlamotors.cab_xlight': 'car',
            'vehicle.carlamotors.polaris_xlight': 'car',
            'vehicle.tesla.cybertruck_xlight': 'truck',
            'vehicle.peterbilt.pull_xlight': 'truck',
            'vehicle.peterbilt.tow_xlight': 'truck',
            'vehicle.dodge.pickup_xlight': 'truck',
            'vehicle.ford.ambulance_xlight': 'van',
            'vehicle.carlamotors.firetruck01_xlight': 'truck',
            'vehicle.carlamotors.firetruck02_xlight': 'truck',
            'vehicle.carlamotors.firetruck03_xlight': 'truck',
            'vehicle.volkswagen.t2_2021_xlight': 'van',
            'vehicle.carlamotors.european_hatchback_xlight': 'car',
            'vehicle.bmw.grandtourer_xlight': 'car',
            'vehicle.nissan.370z_xlight': 'car',
            'vehicle.seat.leon_xlight': 'car',
            'vehicle.chevrolet.impala_xlight': 'car',
            'vehicle.lincoln.mkz2017_xlight': 'car',
            'vehicle.citroen.c3_xlight': 'car',
            'vehicle.mini.clubman_xlight': 'car',
            'vehicle.audi.a2_xlight': 'car',
            'vehicle.bmw.130_xlight': 'car',
            'vehicle.mercedes.coupe_2020_xlight': 'car',
            'vehicle.opel.corsa_xlight': 'car',
            'vehicle.jeep.grandcherokee_xlight': 'car',
            'vehicle.jeep.wrangler_rubicon_xlight': 'car',
            'vehicle.audi.a4_xlight': 'car',
            'vehicle.toyota.prius_2021_xlight': 'car',
            'vehicle.mercedes.coupe_2021_xlight': 'car',
            'vehicle.nissan.370z_2020_xlight': 'car',
            'vehicle.ford.mustang_2020_xlight': 'car',
            'vehicle.carlamotors.cab_2020_xlight': 'car',
            'vehicle.carlamotors.cab_2021_xlight': 'car'
        }),
        map_root='data/bench2drive/maps',
        map_file='data/infos/b2d_map_infos.pkl',
        queue_length=1,
        past_frames=2,
        future_frames=6,
        point_cloud_range=[-51.2, -51.2, -5.0, 51.2, 51.2, 3.0],
        polyline_points_num=11,
        eval_cfg=dict(
            dist_ths=[0.5, 1.0, 2.0, 4.0],
            dist_th_tp=2.0,
            min_recall=0.1,
            min_precision=0.1,
            mean_ap_weight=5,
            class_names=[
                'car', 'van', 'truck', 'bicycle', 'traffic_sign',
                'traffic_cone', 'traffic_light', 'pedestrian'
            ],
            tp_metrics=['trans_err', 'scale_err', 'orient_err', 'vel_err'],
            err_name_maping=dict(
                trans_err='mATE',
                scale_err='mASE',
                orient_err='mAOE',
                vel_err='mAVE',
                attr_err='mAAE'),
            class_range=dict(
                car=(50, 50),
                van=(50, 50),
                truck=(50, 50),
                bicycle=(40, 40),
                traffic_sign=(30, 30),
                traffic_cone=(30, 30),
                traffic_light=(30, 30),
                pedestrian=(40, 40)))),
    test=dict(
        type='NuScenesDataset',
        data_root='data/nuscenes/',
        ann_file='data/nuscenes/nuscenes_infos_val.pkl',
        pipeline=[
            dict(
                type='LoadPointsFromFile',
                coord_type='LIDAR',
                load_dim=5,
                use_dim=5,
                file_client_args=dict(backend='disk')),
            dict(
                type='LoadPointsFromMultiSweeps',
                sweeps_num=10,
                file_client_args=dict(backend='disk')),
            dict(
                type='MultiScaleFlipAug3D',
                img_scale=(1333, 800),
                pts_scale_ratio=1,
                flip=False,
                transforms=[
                    dict(
                        type='GlobalRotScaleTrans',
                        rot_range=[0, 0],
                        scale_ratio_range=[1.0, 1.0],
                        translation_std=[0, 0, 0]),
                    dict(type='RandomFlip3D'),
                    dict(
                        type='PointsRangeFilter',
                        point_cloud_range=[-50, -50, -5, 50, 50, 3]),
                    dict(
                        type='DefaultFormatBundle3D',
                        class_names=[
                            'car', 'truck', 'trailer', 'bus',
                            'construction_vehicle', 'bicycle', 'motorcycle',
                            'pedestrian', 'traffic_cone', 'barrier'
                        ],
                        with_label=False),
                    dict(type='Collect3D', keys=['points'])
                ])
        ],
        classes=[
            'car', 'truck', 'trailer', 'bus', 'construction_vehicle',
            'bicycle', 'motorcycle', 'pedestrian', 'traffic_cone', 'barrier'
        ],
        modality=dict(
            use_lidar=True,
            use_camera=False,
            use_radar=False,
            use_map=False,
            use_external=False),
        test_mode=True,
        box_type_3d='LiDAR'),
    shuffler_sampler=dict(
        type='InfiniteGroupEachSampleInBatchSampler',
        seq_split_num=1,
        warmup_split_num=0,
        num_iters_to_seq=3),
    nonshuffler_sampler=dict(type='DistributedSampler', shuffle=False))
evaluation = dict(interval=999999, pipeline=None)
checkpoint_config = dict(interval=3, max_keep_ckpts=1)
log_config = dict(
    interval=1,
    hooks=[dict(type='TextLoggerHook'),
           dict(type='TensorboardLoggerHook')])
dist_params = dict(backend='nccl')
log_level = 'INFO'
work_dir = 'adzoo/orion/work_dirs/orion_stage1_train_minimal/'
load_from = 'ckpts/eva02_petr_proj.pth'
resume_from = None
workflow = [('train', 1)]
opencv_num_threads = 0
mp_start_method = 'fork'
backbone_norm_cfg = dict(type='LN', requires_grad=True)
voxel_size = [0.2, 0.2, 8]
img_norm_cfg = dict(
    mean=[123.675, 116.28, 103.53], std=[58.395, 57.12, 57.375], to_rgb=True)
map_classes = [
    'Broken', 'Solid', 'SolidSolid', 'Center', 'TrafficLight', 'StopSign'
]
map_fixed_ptsnum_per_gt_line = 11
map_eval_use_same_gt_sample_num_flag = True
map_num_classes = 6
past_frames = 2
future_frames = 6
_dim_ = 256
_ffn_dim_ = 512
ida_aug_conf = dict(
    resize_lim=(0.37, 0.45),
    final_dim=(320, 640),
    bot_pct_lim=(0.0, 0.0),
    rot_lim=(0.0, 0.0),
    H=900,
    W=1600,
    rand_flip=False)
occflow_grid_conf = dict(
    xbound=[-50.0, 50.0, 0.5],
    ybound=[-50.0, 50.0, 0.5],
    zbound=[-10.0, 10.0, 20.0])
NameMapping = dict({
    'vehicle.bh.crossbike': 'bicycle',
    'vehicle.diamondback.century': 'bicycle',
    'vehicle.gazelle.omafiets': 'bicycle',
    'vehicle.audi.etron': 'car',
    'vehicle.chevrolet.impala': 'car',
    'vehicle.dodge.charger_2020': 'car',
    'vehicle.dodge.charger_police': 'car',
    'vehicle.dodge.charger_police_2020': 'car',
    'vehicle.lincoln.mkz_2017': 'car',
    'vehicle.lincoln.mkz_2020': 'car',
    'vehicle.mini.cooper_s_2021': 'car',
    'vehicle.mercedes.coupe_2020': 'car',
    'vehicle.ford.mustang': 'car',
    'vehicle.nissan.patrol_2021': 'car',
    'vehicle.audi.tt': 'car',
    'vehicle.ford.crown': 'car',
    'vehicle.tesla.model3': 'car',
    'vehicle.tesla.model3_2020': 'car',
    'vehicle.harley-davidson.lowrider': 'motorcycle',
    'vehicle.ford.ambulance': 'van',
    'vehicle.carlamotors.firetruck': 'truck',
    'vehicle.ford.ambulance01': 'van',
    'vehicle.ford.ambulance02': 'van',
    'vehicle.mini.cooper_s': 'car',
    'vehicle.bmw.isetta': 'car',
    'vehicle.nissan.patrol_2020': 'car',
    'vehicle.jeep.wrangler_rubicon': 'car',
    'vehicle.mercedes.sprinter': 'van',
    'vehicle.toyota.prius': 'car',
    'vehicle.yamaha.yzf': 'motorcycle',
    'vehicle.dodge.pickup': 'car',
    'vehicle.ford.transit': 'van',
    'vehicle.mercedes.coupe': 'car',
    'vehicle.gmc.pickup': 'car',
    'vehicle.volkswagen.t2': 'van',
    'vehicle.bmw.130': 'car',
    'vehicle.lincoln.mkz2017': 'car',
    'vehicle.nissan.370z': 'car',
    'vehicle.sheriff.car': 'car',
    'vehicle.audi.a2': 'car',
    'vehicle.citroen.c3': 'car',
    'vehicle.jeep.grandcherokee': 'car',
    'vehicle.mini.clubman': 'car',
    'vehicle.opel.corsa': 'car',
    'vehicle.tesla.model3_future': 'car',
    'vehicle.tesla.cybertruck': 'car',
    'vehicle.volkswagen.t2_2021': 'van',
    'vehicle.mustanggt': 'car',
    'vehicle.ford_escort': 'car',
    'vehicle.carlamotors.european_hatchback': 'car',
    'vehicle.audi.a4': 'car',
    'vehicle.mercedes.coupe_2021': 'car',
    'vehicle.mercedes.coupe_2016': 'car',
    'vehicle.mitsubishi.fuso': 'truck',
    'vehicle.mitsubishi.fusotruck': 'truck',
    'vehicle.mitsubishi.fusotruck03': 'truck',
    'vehicle.carlamotors.coupe': 'car',
    'vehicle.carlamotors.family': 'car',
    'vehicle.dodge.charger': 'car',
    'vehicle.lincoln.mkz2018': 'car',
    'vehicle.mercedes.sprinter_2019': 'van',
    'vehicle.tesla.model3_2019': 'car',
    'vehicle.toyota.prius_2017': 'car',
    'vehicle.nissan.370z_2020': 'car',
    'vehicle.ford.mustang_2020': 'car',
    'vehicle.seat.leon': 'car',
    'vehicle.bmw.grandtourer': 'car',
    'vehicle.carlamotors.cabriolet': 'car',
    'vehicle.kawasaki.ninja': 'motorcycle',
    'vehicle.carlamotors.truck': 'truck',
    'vehicle.ford.flareside': 'car',
    'vehicle.ford.f150': 'truck',
    'vehicle.ford.mustang_2021': 'car',
    'vehicle.tesla.model3_2021': 'car',
    'vehicle.bh.crossbike01': 'bicycle',
    'vehicle.bh.crossbike02': 'bicycle',
    'vehicle.bh.crossbike03': 'bicycle',
    'vehicle.diamondback.century01': 'bicycle',
    'vehicle.diamondback.century02': 'bicycle',
    'vehicle.gazelle.omafiets01': 'bicycle',
    'vehicle.dodge_charger_police': 'car',
    'vehicle.ford.crown_police': 'car',
    'vehicle.ford.crown_police_2020': 'car',
    'vehicle.carlamotors.firetruck02': 'truck',
    'vehicle.carlamotors.firetruck03': 'truck',
    'vehicle.volkswagen.t2_2021_cargo': 'van',
    'vehicle.mitsubishi.outlander': 'car',
    'vehicle.carlamotors.polaris': 'car',
    'vehicle.nissan.patrol': 'car',
    'vehicle.toyota.prius_2021': 'car',
    'vehicle.lincoln.mkz_2021': 'car',
    'vehicle.vehicle': 'others',
    'vehicle.dodge.police': 'car',
    'vehicle.gmc.savana': 'van',
    'vehicle.gmc': 'car',
    'vehicle.tesla.model3_2018': 'car',
    'vehicle.audi': 'car',
    'vehicle.mercedes.sprinter_2020': 'van',
    'vehicle.ford.f150_2020': 'truck',
    'vehicle.dodge.charger_police_2021': 'car',
    'vehicle.nissan': 'car',
    'vehicle.carlamotors.european_hatchback_2020': 'car',
    'vehicle.bmw': 'car',
    'vehicle.bmw.330': 'car',
    'vehicle.bmw.grandtourer_2021': 'car',
    'vehicle.carlamotors.european_hatchback_2021': 'car',
    'vehicle.chevrolet': 'car',
    'vehicle.chevrolet.impala_2020': 'car',
    'vehicle.chevrolet.impala_2021': 'car',
    'vehicle.lincoln': 'car',
    'vehicle.lincoln.mkz_2021_police': 'car',
    'vehicle.mercedes': 'car',
    'vehicle.mercedes.coupe_2021_police': 'car',
    'vehicle.mercedes.coupe_2020_police': 'car',
    'vehicle.peterbilt.pull': 'truck',
    'vehicle.peterbilt.tow': 'truck',
    'vehicle.pontiac.firebird': 'car',
    'vehicle.toyota.prius_2020': 'car',
    'vehicle.toyota': 'car',
    'vehicle.toyota.prius_2022': 'car',
    'vehicle.volkswagen.t2_2020': 'van',
    'vehicle.gazelle.omafiets03': 'bicycle',
    'vehicle.gazelle.omafiets02': 'bicycle',
    'vehicle.diamondback.century03': 'bicycle',
    'vehicle.bh.crossbike04': 'bicycle',
    'vehicle.diamondback.century04': 'bicycle',
    'vehicle.carlamotors.cab': 'car',
    'vehicle.mini.cooper_s_2018': 'car',
    'vehicle.buggy': 'car',
    'vehicle.dodge.city': 'car',
    'vehicle.volkswagen.t2_2019': 'van',
    'vehicle.chevrolet.impala_1971': 'car',
    'vehicle.lincoln.mkz_2022': 'car',
    'vehicle.lincoln.mkz_2019': 'car',
    'vehicle.mercedes.coupe_2018': 'car',
    'vehicle.nissan.patrol_2019': 'car',
    'vehicle.tesla.model3_2017': 'car',
    'vehicle.tesla.model3_2016': 'car',
    'vehicle.toyota.prius_2019': 'car',
    'vehicle.ford.f150_2019': 'truck',
    'vehicle.gmc.pickup_2019': 'truck',
    'vehicle.carlamotors.european_hatchback_2019': 'car',
    'vehicle.carlamotors.firetruck01': 'truck',
    'vehicle.volkswagen.t2_2018': 'van',
    'vehicle.carlamotors.firetruck04': 'truck',
    'vehicle.peterbilt.pull_2020': 'truck',
    'vehicle.peterbilt.tow_2020': 'truck',
    'vehicle.dodge.pickup_2020': 'truck',
    'vehicle.carlamotors.coupe_2019': 'car',
    'vehicle.carlamotors.coupe_2020': 'car',
    'vehicle.carlamotors.coupe_2021': 'car',
    'vehicle.carlamotors.family_2019': 'car',
    'vehicle.carlamotors.family_2020': 'car',
    'vehicle.carlamotors.family_2021': 'car',
    'vehicle.carlamotors.cabriolet_2019': 'car',
    'vehicle.carlamotors.cabriolet_2020': 'car',
    'vehicle.carlamotors.cabriolet_2021': 'car',
    'vehicle.carlamotors.coupe_2018': 'car',
    'vehicle.carlamotors.family_2018': 'car',
    'vehicle.carlamotors.cabriolet_2018': 'car',
    'vehicle.carlamotors.coupe_police': 'car',
    'vehicle.carlamotors.family_police': 'car',
    'vehicle.mercedes.coupe_police': 'car',
    'vehicle.dodge.charger_police_2018': 'car',
    'vehicle.dodge.charger_police_2019': 'car',
    'vehicle.dodge.charger_police_2022': 'car',
    'vehicle.carlamotors.cab_2020': 'car',
    'vehicle.carlamotors.cab_2021': 'car',
    'vehicle.carlamotors.truck_2018': 'truck',
    'vehicle.carlamotors.truck_2019': 'truck',
    'vehicle.carlamotors.truck_2020': 'truck',
    'vehicle.carlamotors.truck_2021': 'truck',
    'vehicle.tesla.cybertruck_2020': 'truck',
    'vehicle.tesla.cybertruck_2021': 'truck',
    'vehicle.tesla.cybertruck_2022': 'truck',
    'vehicle.carlamotors.polaris_2020': 'car',
    'vehicle.carlamotors.polaris_2021': 'car',
    'vehicle.carlamotors.polaris_2022': 'car',
    'vehicle.chevrolet.impala_2018': 'car',
    'vehicle.chevrolet.impala_2019': 'car',
    'vehicle.volkswagen.t2_2022': 'van',
    'vehicle.carlamotors.european_hatchback_2022': 'car',
    'vehicle.dodge.charger_2018': 'car',
    'vehicle.dodge.charger_2019': 'car',
    'vehicle.dohany': 'others',
    'vehicle.ford.mustang_2019': 'car',
    'vehicle.nissan.patrol_2022': 'car',
    'vehicle.ford.f150_2022': 'truck',
    'vehicle.ford.f150_2021': 'truck',
    'vehicle.gmc.pickup_2022': 'truck',
    'vehicle.gmc.pickup_2021': 'truck',
    'vehicle.tesla.model3_2022': 'car',
    'vehicle.lotus.elise': 'car',
    'vehicle.carlamotors.european_hatchback_2017': 'car',
    'vehicle.carlamotors.family_2017': 'car',
    'vehicle.carlamotors.coupe_2017': 'car',
    'vehicle.carlamotors.cabriolet_2017': 'car',
    'vehicle.tesla.model3_future2': 'car',
    'vehicle.tesla.model3_future3': 'car',
    'vehicle.carlamotors.cab_2019': 'car',
    'vehicle.carlamotors.cab_2018': 'car',
    'vehicle.carlamotors.cab_2017': 'car',
    'vehicle.carlamotors.truck_2017': 'truck',
    'vehicle.carlamotors.truck_2016': 'truck',
    'vehicle.carlamotors.cabriolet_police': 'car',
    'vehicle.mercedes.coupe_2017': 'car',
    'vehicle.mercedes.coupe_2016_police': 'car',
    'vehicle.sheriff.car_2020': 'car',
    'vehicle.sheriff.car_2021': 'car',
    'vehicle.dodge.charger_police_2017': 'car',
    'vehicle.dodge.charger_2017': 'car',
    'vehicle.volkswagen.t2_2017': 'van',
    'vehicle.volkswagen.t2_2016': 'van',
    'vehicle.ford.f150_2018': 'truck',
    'vehicle.tesla.model3_2015': 'car',
    'vehicle.chevrolet.impala_2017': 'car',
    'vehicle.gmc.pickup_2018': 'truck',
    'vehicle.dodge.pickup_2019': 'truck',
    'vehicle.dodge.pickup_2018': 'truck',
    'vehicle.dodge.pickup_2017': 'truck',
    'vehicle.mustang': 'car',
    'vehicle.mustang_2021': 'car',
    'vehicle.mustang_2022': 'car',
    'vehicle.mustang_2023': 'car',
    'vehicle.mustang.gt': 'car',
    'vehicle.volkswagen.t2_cargo': 'van',
    'vehicle.tesla.cybertruck_2023': 'truck',
    'vehicle.ford.f150_2023': 'truck',
    'vehicle.gmc.pickup_2023': 'truck',
    'vehicle.dodge.pickup_2023': 'truck',
    'vehicle.tesla.cybertruck_2024': 'truck',
    'vehicle.tesla.cybertruck_2025': 'truck',
    'vehicle.dodge.pickup_2024': 'truck',
    'vehicle.carlamotors.truck_2022': 'truck',
    'vehicle.carlamotors.coupe_2022': 'car',
    'vehicle.carlamotors.cabriolet_2022': 'car',
    'vehicle.carlamotors.family_2022': 'car',
    'vehicle.carlamotors.european_hatchback_2023': 'car',
    'vehicle.carlamotors.coupe_2023': 'car',
    'vehicle.carlamotors.cabriolet_2023': 'car',
    'vehicle.carlamotors.family_2023': 'car',
    'vehicle.carlamotors.european_hatchback_2024': 'car',
    'vehicle.carlamotors.coupe_2024': 'car',
    'vehicle.carlamotors.cabriolet_2024': 'car',
    'vehicle.carlamotors.family_2024': 'car',
    'vehicle.carlamotors.european_hatchback_2025': 'car',
    'vehicle.carlamotors.coupe_2025': 'car',
    'vehicle.carlamotors.cabriolet_2025': 'car',
    'vehicle.carlamotors.family_2025': 'car',
    'vehicle.carlamotors.european_hatchback_2015': 'car',
    'vehicle.carlamotors.family_2015': 'car',
    'vehicle.carlamotors.coupe_2015': 'car',
    'vehicle.carlamotors.cabriolet_2015': 'car',
    'vehicle.carlamotors.truck_2015': 'truck',
    'vehicle.carlamotors.coupe_2014': 'car',
    'vehicle.carlamotors.family_2014': 'car',
    'vehicle.carlamotors.cabriolet_2014': 'car',
    'vehicle.carlamotors.truck_2014': 'truck',
    'vehicle.carlamotors.coupe_2013': 'car',
    'vehicle.carlamotors.family_2013': 'car',
    'vehicle.carlamotors.cabriolet_2013': 'car',
    'vehicle.carlamotors.truck_2013': 'truck',
    'vehicle.carlamotors.coupe_2012': 'car',
    'vehicle.carlamotors.family_2012': 'car',
    'vehicle.carlamotors.cabriolet_2012': 'car',
    'vehicle.carlamotors.truck_2012': 'truck',
    'vehicle.carlamotors.coupe_2011': 'car',
    'vehicle.carlamotors.family_2011': 'car',
    'vehicle.carlamotors.cabriolet_2011': 'car',
    'vehicle.carlamotors.truck_2011': 'truck',
    'vehicle.carlamotors.coupe_2010': 'car',
    'vehicle.carlamotors.family_2010': 'car',
    'vehicle.carlamotors.cabriolet_2010': 'car',
    'vehicle.carlamotors.truck_2010': 'truck',
    'vehicle.carlamotors.coupe_2009': 'car',
    'vehicle.carlamotors.family_2009': 'car',
    'vehicle.carlamotors.cabriolet_2009': 'car',
    'vehicle.carlamotors.truck_2009': 'truck',
    'vehicle.carlamotors.coupe_2008': 'car',
    'vehicle.carlamotors.family_2008': 'car',
    'vehicle.carlamotors.cabriolet_2008': 'car',
    'vehicle.carlamotors.truck_2008': 'truck',
    'vehicle.carlamotors.coupe_2007': 'car',
    'vehicle.carlamotors.family_2007': 'car',
    'vehicle.carlamotors.cabriolet_2007': 'car',
    'vehicle.carlamotors.truck_2007': 'truck',
    'vehicle.carlamotors.coupe_2006': 'car',
    'vehicle.carlamotors.family_2006': 'car',
    'vehicle.carlamotors.cabriolet_2006': 'car',
    'vehicle.carlamotors.truck_2006': 'truck',
    'vehicle.carlamotors.coupe_2005': 'car',
    'vehicle.carlamotors.family_2005': 'car',
    'vehicle.carlamotors.cabriolet_2005': 'car',
    'vehicle.carlamotors.truck_2005': 'truck',
    'vehicle.carlamotors.coupe_2004': 'car',
    'vehicle.carlamotors.family_2004': 'car',
    'vehicle.carlamotors.cabriolet_2004': 'car',
    'vehicle.carlamotors.truck_2004': 'truck',
    'vehicle.carlamotors.coupe_2003': 'car',
    'vehicle.carlamotors.family_2003': 'car',
    'vehicle.mitsubishi.fusotruck02': 'truck',
    'vehicle.gazelle.omafiets04': 'bicycle',
    'vehicle.diamondback.century05': 'bicycle',
    'vehicle.bh.crossbike05': 'bicycle',
    'vehicle.bh.crossbike06': 'bicycle',
    'vehicle.diamondback.century06': 'bicycle',
    'vehicle.gazelle.omafiets05': 'bicycle',
    'vehicle.gazelle.omafiets06': 'bicycle',
    'vehicle.bh.crossbike07': 'bicycle',
    'vehicle.diamondback.century07': 'bicycle',
    'vehicle.nissan.nissan_dolvo': 'car',
    'vehicle.carlamotors.bus': 'bus',
    'vehicle.mercedes.bus': 'bus',
    'vehicle.toyota.prius_xlight': 'car',
    'vehicle.mercedes.sprinter_xlight': 'van',
    'vehicle.tesla.model3_xlight': 'car',
    'vehicle.ford.mustang_xlight': 'car',
    'vehicle.lincoln.mkz_xlight': 'car',
    'vehicle.volkswagen.t2_xlight': 'van',
    'vehicle.ford.f150_xlight': 'truck',
    'vehicle.gmc.pickup_xlight': 'truck',
    'vehicle.bh.crossbike_xlight': 'bicycle',
    'vehicle.diamondback.century_xlight': 'bicycle',
    'vehicle.gazelle.omafiets_xlight': 'bicycle',
    'vehicle.mercedes.coupe_xlight': 'car',
    'vehicle.dodge.charger_xlight': 'car',
    'vehicle.dodge.charger_police_xlight': 'car',
    'vehicle.carlamotors.coupe_xlight': 'car',
    'vehicle.carlamotors.family_xlight': 'car',
    'vehicle.carlamotors.cabriolet_xlight': 'car',
    'vehicle.carlamotors.truck_xlight': 'truck',
    'vehicle.mitsubishi.fuso_xlight': 'truck',
    'vehicle.carlamotors.firetruck_xlight': 'truck',
    'vehicle.carlamotors.cab_xlight': 'car',
    'vehicle.carlamotors.polaris_xlight': 'car',
    'vehicle.tesla.cybertruck_xlight': 'truck',
    'vehicle.peterbilt.pull_xlight': 'truck',
    'vehicle.peterbilt.tow_xlight': 'truck',
    'vehicle.dodge.pickup_xlight': 'truck',
    'vehicle.ford.ambulance_xlight': 'van',
    'vehicle.carlamotors.firetruck01_xlight': 'truck',
    'vehicle.carlamotors.firetruck02_xlight': 'truck',
    'vehicle.carlamotors.firetruck03_xlight': 'truck',
    'vehicle.volkswagen.t2_2021_xlight': 'van',
    'vehicle.carlamotors.european_hatchback_xlight': 'car',
    'vehicle.bmw.grandtourer_xlight': 'car',
    'vehicle.nissan.370z_xlight': 'car',
    'vehicle.seat.leon_xlight': 'car',
    'vehicle.chevrolet.impala_xlight': 'car',
    'vehicle.lincoln.mkz2017_xlight': 'car',
    'vehicle.citroen.c3_xlight': 'car',
    'vehicle.mini.clubman_xlight': 'car',
    'vehicle.audi.a2_xlight': 'car',
    'vehicle.bmw.130_xlight': 'car',
    'vehicle.mercedes.coupe_2020_xlight': 'car',
    'vehicle.opel.corsa_xlight': 'car',
    'vehicle.jeep.grandcherokee_xlight': 'car',
    'vehicle.jeep.wrangler_rubicon_xlight': 'car',
    'vehicle.audi.a4_xlight': 'car',
    'vehicle.toyota.prius_2021_xlight': 'car',
    'vehicle.mercedes.coupe_2021_xlight': 'car',
    'vehicle.nissan.370z_2020_xlight': 'car',
    'vehicle.ford.mustang_2020_xlight': 'car',
    'vehicle.carlamotors.cab_2020_xlight': 'car',
    'vehicle.carlamotors.cab_2021_xlight': 'car'
})
eval_cfg = dict(
    dist_ths=[0.5, 1.0, 2.0, 4.0],
    dist_th_tp=2.0,
    min_recall=0.1,
    min_precision=0.1,
    mean_ap_weight=5,
    class_names=[
        'car', 'van', 'truck', 'bicycle', 'traffic_sign', 'traffic_cone',
        'traffic_light', 'pedestrian'
    ],
    tp_metrics=['trans_err', 'scale_err', 'orient_err', 'vel_err'],
    err_name_maping=dict(
        trans_err='mATE',
        scale_err='mASE',
        orient_err='mAOE',
        vel_err='mAVE',
        attr_err='mAAE'),
    class_range=dict(
        car=(50, 50),
        van=(50, 50),
        truck=(50, 50),
        bicycle=(40, 40),
        traffic_sign=(30, 30),
        traffic_cone=(30, 30),
        traffic_light=(30, 30),
        pedestrian=(40, 40)))
queue_length = 1
predict_steps = 12
predict_modes = 6
use_nonlinear_optimizer = True
use_memory = True
num_gpus = 1
batch_size = 1
num_iters_per_epoch = 3
num_epochs = 1
llm_path = 'ckpts/pretrain_qformer/'
use_gen_token = False
collect_keys = [
    'lidar2img', 'cam_intrinsic', 'timestamp', 'ego_pose', 'ego_pose_inv',
    'command'
]
pretrain = True
use_col_loss = False
model = dict(
    type='Orion',
    save_path='./results_planning_only/',
    use_grid_mask=True,
    frozen=False,
    use_lora=True,
    tokenizer='ckpts/pretrain_qformer/',
    lm_head=None,
    use_gen_token=False,
    use_diff_decoder=False,
    use_col_loss=False,
    loss_plan_reg=dict(type='L1Loss', loss_weight=3.0),
    loss_plan_bound=dict(
        type='PlanMapBoundLoss', loss_weight=3.0, dis_thresh=1.0),
    loss_vae_gen=dict(type='ProbabilisticLoss', loss_weight=3.0),
    img_backbone=dict(
        type='EVAViT',
        img_size=640,
        patch_size=16,
        window_size=16,
        in_chans=3,
        embed_dim=1024,
        depth=24,
        num_heads=16,
        mlp_ratio=2.6666666666666665,
        window_block_indexes=[
            0, 1, 3, 4, 6, 7, 9, 10, 12, 13, 15, 16, 18, 19, 21, 22
        ],
        qkv_bias=True,
        drop_path_rate=0.3,
        flash_attn=True,
        with_cp=True,
        frozen=False),
    map_head=dict(
        type='OrionHeadM',
        num_classes=6,
        in_channels=1024,
        out_dims=4096,
        memory_len=600,
        with_mask=True,
        topk_proposals=300,
        num_lane=1800,
        num_lanes_one2one=300,
        k_one2many=5,
        lambda_one2many=1.0,
        num_extra=256,
        n_control=11,
        pc_range=[-51.2, -51.2, -5.0, 51.2, 51.2, 3.0],
        code_weights=[1.0, 1.0],
        score_threshold=0.2,
        transformer=dict(
            type='PETRTemporalTransformer',
            input_dimension=256,
            output_dimension=256,
            num_layers=6,
            embed_dims=256,
            num_heads=8,
            feedforward_dims=2048,
            dropout=0.1,
            with_cp=True,
            flash_attn=True),
        train_cfg=dict(
            assigner=dict(
                type='LaneHungarianAssigner',
                cls_cost=dict(type='FocalLossCost', weight=1.5),
                reg_cost=dict(type='LaneL1Cost', weight=0.02),
                iou_cost=dict(type='IoUCost', weight=0.0))),
        loss_cls=dict(
            type='FocalLoss',
            use_sigmoid=True,
            gamma=2.0,
            alpha=0.25,
            loss_weight=1.5),
        loss_bbox=dict(type='L1Loss', loss_weight=0.02),
        loss_dir=dict(type='PtsDirCosLoss', loss_weight=0.0)),
    pts_bbox_head=dict(
        type='OrionHead',
        num_classes=9,
        in_channels=1024,
        out_dims=4096,
        num_query=600,
        with_mask=True,
        memory_len=600,
        topk_proposals=300,
        num_propagated=300,
        num_extra=256,
        n_control=11,
        match_with_velo=False,
        pred_traffic_light_state=True,
        use_memory=True,
        use_col_loss=False,
        scalar=10,
        noise_scale=1.0,
        dn_weight=1.0,
        split=0.75,
        memory_decoder_transformer=dict(
            type='OrionTransformerDecoder',
            num_layers=1,
            embed_dims=256,
            num_heads=8,
            dropout=0.0,
            feedforward_dims=512,
            with_cp=True,
            flash_attn=True,
            return_intermediate=False),
        motion_transformer_decoder=dict(
            type='OrionTransformerDecoder',
            num_layers=1,
            embed_dims=256,
            num_heads=8,
            dropout=0.0,
            feedforward_dims=512,
            with_cp=True,
            flash_attn=True,
            return_intermediate=False),
        code_weights=[2.0, 2.0, 1.0, 1.0, 1.0, 1.0, 1.0, 1.0, 1.0, 1.0],
        score_threshold=0.2,
        class_agnostic_nms=dict(
            classes=[0, 1, 2, 3, 4, 5, 6, 7, 8],
            compensate=[0, 0, 0.3, 0, 0, 0, 0, 0.3, 0],
            pre_max_size=1000,
            post_max_size=300,
            nms_thr=0.1),
        transformer=dict(
            type='PETRTemporalTransformer',
            input_dimension=256,
            output_dimension=256,
            num_layers=6,
            embed_dims=256,
            num_heads=8,
            feedforward_dims=2048,
            dropout=0.1,
            with_cp=True,
            flash_attn=True),
        bbox_coder=dict(
            type='NMSFreeCoder',
            post_center_range=[-61.2, -61.2, -10.0, 61.2, 61.2, 10.0],
            pc_range=[-51.2, -51.2, -5.0, 51.2, 51.2, 3.0],
            max_num=300,
            voxel_size=[0.2, 0.2, 8],
            num_classes=9),
        loss_cls=dict(
            type='FocalLoss',
            use_sigmoid=True,
            gamma=2.0,
            alpha=0.25,
            loss_weight=2.0),
        loss_traffic=dict(
            type='FocalLoss',
            use_sigmoid=True,
            gamma=2.0,
            alpha=0.25,
            loss_weight=2.0),
        loss_bbox=dict(type='L1Loss', loss_weight=0.25),
        loss_iou=dict(type='GIoULoss', loss_weight=0.0)),
    train_cfg=dict(
        pts=dict(
            grid_size=[512, 512, 1],
            voxel_size=[0.2, 0.2, 8],
            point_cloud_range=[-51.2, -51.2, -5.0, 51.2, 51.2, 3.0],
            out_size_factor=4,
            assigner=dict(
                type='HungarianAssigner3D',
                cls_cost=dict(type='FocalLossCost', weight=2.0),
                reg_cost=dict(type='BBox3DL1Cost', weight=0.25),
                iou_cost=dict(type='IoUCost', weight=0.0),
                pc_range=[-51.2, -51.2, -5.0, 51.2, 51.2, 3.0]))),
    freeze_backbone=True)
info_root = 'data/infos'
map_root = 'data/bench2drive/maps'
map_file = 'data/infos/b2d_map_infos.pkl'
ann_file_train = 'data/infos/b2d_infos_train.pkl'
ann_file_val = 'data/infos/b2d_infos_val.pkl'
inference_only_pipeline = [
    dict(
        type='LoadMultiViewImageFromFilesInCeph',
        to_float32=True,
        file_client_args=dict(backend='disk'),
        img_root='data/bench2drive'),
    dict(
        type='NormalizeMultiviewImage',
        mean=[123.675, 116.28, 103.53],
        std=[58.395, 57.12, 57.375],
        to_rgb=True),
    dict(type='PadMultiViewImage', size_divisor=32),
    dict(
        type='MultiScaleFlipAug3D',
        img_scale=(1600, 900),
        pts_scale_ratio=1,
        flip=False,
        transforms=[
            dict(
                type='DefaultFormatBundle3D',
                class_names=[
                    'car', 'van', 'truck', 'bicycle', 'traffic_sign',
                    'traffic_cone', 'traffic_light', 'pedestrian', 'others'
                ],
                with_label=False),
            dict(
                type='CustomCollect3D',
                keys=['img', 'timestamp', 'l2g_r_mat', 'l2g_t', 'command'])
        ])
]
optimizer = dict(
    constructor='LearningRateDecayOptimizerConstructor',
    type='AdamW',
    lr=8e-05,
    betas=(0.9, 0.999),
    weight_decay=1e-05,
    paramwise_cfg=dict(
        decay_rate=0.9,
        head_decay_rate=4.0,
        lm_head_decay_rate=0.1,
        decay_type='vit_wise',
        num_layers=24))
optimizer_config = dict(grad_clip=dict(max_norm=35, norm_type=2))
lr_config = dict(
    policy='CosineAnnealing',
    warmup='linear',
    warmup_iters=100,
    warmup_ratio=0.3333333333333333,
    min_lr_ratio=0.001)
total_iters = 3
runner = dict(type='IterBasedRunner', max_iters=3)
find_unused_parameters = False
fp16 = dict(loss_scale='dynamic')
gpu_ids = range(0, 1)

2025-11-29 18:03:32,565 - mmdet - INFO - Set random seed to 0, deterministic: True
Name of parameter - Initialization information

position_range - torch.Size([6]): 
The value is the same before and after calling `init_weights` of Orion  

coords_d - torch.Size([64]): 
The value is the same before and after calling `init_weights` of Orion  

pts_bbox_head.code_weights - torch.Size([10]): 
The value is the same before and after calling `init_weights` of Orion  

pts_bbox_head.match_costs - torch.Size([10]): 
The value is the same before and after calling `init_weights` of Orion  

pts_bbox_head.pc_range - torch.Size([6]): 
The value is the same before and after calling `init_weights` of Orion  

pts_bbox_head.cls_branches.0.0.weight - torch.Size([256, 256]): 
The value is the same before and after calling `init_weights` of Orion  

pts_bbox_head.cls_branches.0.0.bias - torch.Size([256]): 
The value is the same before and after calling `init_weights` of Orion  

pts_bbox_head.cls_branches.0.1.weight - torch.Size([256]): 
The value is the same before and after calling `init_weights` of Orion  

pts_bbox_head.cls_branches.0.1.bias - torch.Size([256]): 
The value is the same before and after calling `init_weights` of Orion  

pts_bbox_head.cls_branches.0.3.weight - torch.Size([256, 256]): 
The value is the same before and after calling `init_weights` of Orion  

pts_bbox_head.cls_branches.0.3.bias - torch.Size([256]): 
The value is the same before and after calling `init_weights` of Orion  

pts_bbox_head.cls_branches.0.4.weight - torch.Size([256]): 
The value is the same before and after calling `init_weights` of Orion  

pts_bbox_head.cls_branches.0.4.bias - torch.Size([256]): 
The value is the same before and after calling `init_weights` of Orion  

pts_bbox_head.cls_branches.0.6.weight - torch.Size([9, 256]): 
The value is the same before and after calling `init_weights` of Orion  

pts_bbox_head.cls_branches.0.6.bias - torch.Size([9]): 
Initialized by user-defined `init_weights` in OrionHead  

pts_bbox_head.reg_branches.0.0.weight - torch.Size([256, 256]): 
The value is the same before and after calling `init_weights` of Orion  

pts_bbox_head.reg_branches.0.0.bias - torch.Size([256]): 
The value is the same before and after calling `init_weights` of Orion  

pts_bbox_head.reg_branches.0.2.weight - torch.Size([256, 256]): 
The value is the same before and after calling `init_weights` of Orion  

pts_bbox_head.reg_branches.0.2.bias - torch.Size([256]): 
The value is the same before and after calling `init_weights` of Orion  

pts_bbox_head.reg_branches.0.4.weight - torch.Size([10, 256]): 
The value is the same before and after calling `init_weights` of Orion  

pts_bbox_head.reg_branches.0.4.bias - torch.Size([10]): 
The value is the same before and after calling `init_weights` of Orion  

pts_bbox_head.input_projection.weight - torch.Size([256, 1024]): 
The value is the same before and after calling `init_weights` of Orion  

pts_bbox_head.input_projection.bias - torch.Size([256]): 
The value is the same before and after calling `init_weights` of Orion  

pts_bbox_head.output_projection.weight - torch.Size([4096, 256]): 
The value is the same before and after calling `init_weights` of Orion  

pts_bbox_head.output_projection.bias - torch.Size([4096]): 
The value is the same before and after calling `init_weights` of Orion  

pts_bbox_head.reference_points.weight - torch.Size([600, 3]): 
Initialized by user-defined `init_weights` in OrionHead  

pts_bbox_head.pseudo_reference_points.weight - torch.Size([300, 3]): 
Initialized by user-defined `init_weights` in OrionHead  

pts_bbox_head.query_embedding.weight - torch.Size([256, 256]): 
The value is the same before and after calling `init_weights` of Orion  

pts_bbox_head.can_bus_embed.0.weight - torch.Size([1024, 89]): 
The value is the same before and after calling `init_weights` of Orion  

pts_bbox_head.can_bus_embed.0.bias - torch.Size([1024]): 
The value is the same before and after calling `init_weights` of Orion  

pts_bbox_head.can_bus_embed.2.weight - torch.Size([4096, 1024]): 
The value is the same before and after calling `init_weights` of Orion  

pts_bbox_head.can_bus_embed.2.bias - torch.Size([4096]): 
The value is the same before and after calling `init_weights` of Orion  

pts_bbox_head.transformer.query_decoder._layers.0.transformer_layers.0.attn.in_proj_weight - torch.Size([768, 256]): 
The value is the same before and after calling `init_weights` of Orion  

pts_bbox_head.transformer.query_decoder._layers.0.transformer_layers.0.attn.in_proj_bias - torch.Size([768]): 
The value is the same before and after calling `init_weights` of Orion  

pts_bbox_head.transformer.query_decoder._layers.0.transformer_layers.0.attn.out_proj.weight - torch.Size([256, 256]): 
Initialized by user-defined `init_weights` in OrionHead  

pts_bbox_head.transformer.query_decoder._layers.0.transformer_layers.0.attn.out_proj.bias - torch.Size([256]): 
The value is the same before and after calling `init_weights` of Orion  

pts_bbox_head.transformer.query_decoder._layers.0.transformer_layers.1.weight - torch.Size([256]): 
The value is the same before and after calling `init_weights` of Orion  

pts_bbox_head.transformer.query_decoder._layers.0.transformer_layers.1.bias - torch.Size([256]): 
The value is the same before and after calling `init_weights` of Orion  

pts_bbox_head.transformer.query_decoder._layers.0.transformer_layers.2.attn.in_proj_weight - torch.Size([768, 256]): 
The value is the same before and after calling `init_weights` of Orion  

pts_bbox_head.transformer.query_decoder._layers.0.transformer_layers.2.attn.in_proj_bias - torch.Size([768]): 
The value is the same before and after calling `init_weights` of Orion  

pts_bbox_head.transformer.query_decoder._layers.0.transformer_layers.2.attn.out_proj.weight - torch.Size([256, 256]): 
Initialized by user-defined `init_weights` in OrionHead  

pts_bbox_head.transformer.query_decoder._layers.0.transformer_layers.2.attn.out_proj.bias - torch.Size([256]): 
The value is the same before and after calling `init_weights` of Orion  

pts_bbox_head.transformer.query_decoder._layers.0.transformer_layers.3.weight - torch.Size([256]): 
The value is the same before and after calling `init_weights` of Orion  

pts_bbox_head.transformer.query_decoder._layers.0.transformer_layers.3.bias - torch.Size([256]): 
The value is the same before and after calling `init_weights` of Orion  

pts_bbox_head.transformer.query_decoder._layers.0.transformer_layers.4._layers.0.weight - torch.Size([2048, 256]): 
Initialized by user-defined `init_weights` in OrionHead  

pts_bbox_head.transformer.query_decoder._layers.0.transformer_layers.4._layers.0.bias - torch.Size([2048]): 
The value is the same before and after calling `init_weights` of Orion  

pts_bbox_head.transformer.query_decoder._layers.0.transformer_layers.4._layers.3.weight - torch.Size([256, 2048]): 
Initialized by user-defined `init_weights` in OrionHead  

pts_bbox_head.transformer.query_decoder._layers.0.transformer_layers.4._layers.3.bias - torch.Size([256]): 
The value is the same before and after calling `init_weights` of Orion  

pts_bbox_head.transformer.query_decoder._layers.0.transformer_layers.5.weight - torch.Size([256]): 
The value is the same before and after calling `init_weights` of Orion  

pts_bbox_head.transformer.query_decoder._layers.0.transformer_layers.5.bias - torch.Size([256]): 
The value is the same before and after calling `init_weights` of Orion  

pts_bbox_head.transformer.query_decoder._layers.1.transformer_layers.0.attn.in_proj_weight - torch.Size([768, 256]): 
The value is the same before and after calling `init_weights` of Orion  

pts_bbox_head.transformer.query_decoder._layers.1.transformer_layers.0.attn.in_proj_bias - torch.Size([768]): 
The value is the same before and after calling `init_weights` of Orion  

pts_bbox_head.transformer.query_decoder._layers.1.transformer_layers.0.attn.out_proj.weight - torch.Size([256, 256]): 
Initialized by user-defined `init_weights` in OrionHead  

pts_bbox_head.transformer.query_decoder._layers.1.transformer_layers.0.attn.out_proj.bias - torch.Size([256]): 
The value is the same before and after calling `init_weights` of Orion  

pts_bbox_head.transformer.query_decoder._layers.1.transformer_layers.1.weight - torch.Size([256]): 
The value is the same before and after calling `init_weights` of Orion  

pts_bbox_head.transformer.query_decoder._layers.1.transformer_layers.1.bias - torch.Size([256]): 
The value is the same before and after calling `init_weights` of Orion  

pts_bbox_head.transformer.query_decoder._layers.1.transformer_layers.2.attn.in_proj_weight - torch.Size([768, 256]): 
The value is the same before and after calling `init_weights` of Orion  

pts_bbox_head.transformer.query_decoder._layers.1.transformer_layers.2.attn.in_proj_bias - torch.Size([768]): 
The value is the same before and after calling `init_weights` of Orion  

pts_bbox_head.transformer.query_decoder._layers.1.transformer_layers.2.attn.out_proj.weight - torch.Size([256, 256]): 
Initialized by user-defined `init_weights` in OrionHead  

pts_bbox_head.transformer.query_decoder._layers.1.transformer_layers.2.attn.out_proj.bias - torch.Size([256]): 
The value is the same before and after calling `init_weights` of Orion  

pts_bbox_head.transformer.query_decoder._layers.1.transformer_layers.3.weight - torch.Size([256]): 
The value is the same before and after calling `init_weights` of Orion  

pts_bbox_head.transformer.query_decoder._layers.1.transformer_layers.3.bias - torch.Size([256]): 
The value is the same before and after calling `init_weights` of Orion  

pts_bbox_head.transformer.query_decoder._layers.1.transformer_layers.4._layers.0.weight - torch.Size([2048, 256]): 
Initialized by user-defined `init_weights` in OrionHead  

pts_bbox_head.transformer.query_decoder._layers.1.transformer_layers.4._layers.0.bias - torch.Size([2048]): 
The value is the same before and after calling `init_weights` of Orion  

pts_bbox_head.transformer.query_decoder._layers.1.transformer_layers.4._layers.3.weight - torch.Size([256, 2048]): 
Initialized by user-defined `init_weights` in OrionHead  

pts_bbox_head.transformer.query_decoder._layers.1.transformer_layers.4._layers.3.bias - torch.Size([256]): 
The value is the same before and after calling `init_weights` of Orion  

pts_bbox_head.transformer.query_decoder._layers.1.transformer_layers.5.weight - torch.Size([256]): 
The value is the same before and after calling `init_weights` of Orion  

pts_bbox_head.transformer.query_decoder._layers.1.transformer_layers.5.bias - torch.Size([256]): 
The value is the same before and after calling `init_weights` of Orion  

pts_bbox_head.transformer.query_decoder._layers.2.transformer_layers.0.attn.in_proj_weight - torch.Size([768, 256]): 
The value is the same before and after calling `init_weights` of Orion  

pts_bbox_head.transformer.query_decoder._layers.2.transformer_layers.0.attn.in_proj_bias - torch.Size([768]): 
The value is the same before and after calling `init_weights` of Orion  

pts_bbox_head.transformer.query_decoder._layers.2.transformer_layers.0.attn.out_proj.weight - torch.Size([256, 256]): 
Initialized by user-defined `init_weights` in OrionHead  

pts_bbox_head.transformer.query_decoder._layers.2.transformer_layers.0.attn.out_proj.bias - torch.Size([256]): 
The value is the same before and after calling `init_weights` of Orion  

pts_bbox_head.transformer.query_decoder._layers.2.transformer_layers.1.weight - torch.Size([256]): 
The value is the same before and after calling `init_weights` of Orion  

pts_bbox_head.transformer.query_decoder._layers.2.transformer_layers.1.bias - torch.Size([256]): 
The value is the same before and after calling `init_weights` of Orion  

pts_bbox_head.transformer.query_decoder._layers.2.transformer_layers.2.attn.in_proj_weight - torch.Size([768, 256]): 
The value is the same before and after calling `init_weights` of Orion  

pts_bbox_head.transformer.query_decoder._layers.2.transformer_layers.2.attn.in_proj_bias - torch.Size([768]): 
The value is the same before and after calling `init_weights` of Orion  

pts_bbox_head.transformer.query_decoder._layers.2.transformer_layers.2.attn.out_proj.weight - torch.Size([256, 256]): 
Initialized by user-defined `init_weights` in OrionHead  

pts_bbox_head.transformer.query_decoder._layers.2.transformer_layers.2.attn.out_proj.bias - torch.Size([256]): 
The value is the same before and after calling `init_weights` of Orion  

pts_bbox_head.transformer.query_decoder._layers.2.transformer_layers.3.weight - torch.Size([256]): 
The value is the same before and after calling `init_weights` of Orion  

pts_bbox_head.transformer.query_decoder._layers.2.transformer_layers.3.bias - torch.Size([256]): 
The value is the same before and after calling `init_weights` of Orion  

pts_bbox_head.transformer.query_decoder._layers.2.transformer_layers.4._layers.0.weight - torch.Size([2048, 256]): 
Initialized by user-defined `init_weights` in OrionHead  

pts_bbox_head.transformer.query_decoder._layers.2.transformer_layers.4._layers.0.bias - torch.Size([2048]): 
The value is the same before and after calling `init_weights` of Orion  

pts_bbox_head.transformer.query_decoder._layers.2.transformer_layers.4._layers.3.weight - torch.Size([256, 2048]): 
Initialized by user-defined `init_weights` in OrionHead  

pts_bbox_head.transformer.query_decoder._layers.2.transformer_layers.4._layers.3.bias - torch.Size([256]): 
The value is the same before and after calling `init_weights` of Orion  

pts_bbox_head.transformer.query_decoder._layers.2.transformer_layers.5.weight - torch.Size([256]): 
The value is the same before and after calling `init_weights` of Orion  

pts_bbox_head.transformer.query_decoder._layers.2.transformer_layers.5.bias - torch.Size([256]): 
The value is the same before and after calling `init_weights` of Orion  

pts_bbox_head.transformer.query_decoder._layers.3.transformer_layers.0.attn.in_proj_weight - torch.Size([768, 256]): 
The value is the same before and after calling `init_weights` of Orion  

pts_bbox_head.transformer.query_decoder._layers.3.transformer_layers.0.attn.in_proj_bias - torch.Size([768]): 
The value is the same before and after calling `init_weights` of Orion  

pts_bbox_head.transformer.query_decoder._layers.3.transformer_layers.0.attn.out_proj.weight - torch.Size([256, 256]): 
Initialized by user-defined `init_weights` in OrionHead  

pts_bbox_head.transformer.query_decoder._layers.3.transformer_layers.0.attn.out_proj.bias - torch.Size([256]): 
The value is the same before and after calling `init_weights` of Orion  

pts_bbox_head.transformer.query_decoder._layers.3.transformer_layers.1.weight - torch.Size([256]): 
The value is the same before and after calling `init_weights` of Orion  

pts_bbox_head.transformer.query_decoder._layers.3.transformer_layers.1.bias - torch.Size([256]): 
The value is the same before and after calling `init_weights` of Orion  

pts_bbox_head.transformer.query_decoder._layers.3.transformer_layers.2.attn.in_proj_weight - torch.Size([768, 256]): 
The value is the same before and after calling `init_weights` of Orion  

pts_bbox_head.transformer.query_decoder._layers.3.transformer_layers.2.attn.in_proj_bias - torch.Size([768]): 
The value is the same before and after calling `init_weights` of Orion  

pts_bbox_head.transformer.query_decoder._layers.3.transformer_layers.2.attn.out_proj.weight - torch.Size([256, 256]): 
Initialized by user-defined `init_weights` in OrionHead  

pts_bbox_head.transformer.query_decoder._layers.3.transformer_layers.2.attn.out_proj.bias - torch.Size([256]): 
The value is the same before and after calling `init_weights` of Orion  

pts_bbox_head.transformer.query_decoder._layers.3.transformer_layers.3.weight - torch.Size([256]): 
The value is the same before and after calling `init_weights` of Orion  

pts_bbox_head.transformer.query_decoder._layers.3.transformer_layers.3.bias - torch.Size([256]): 
The value is the same before and after calling `init_weights` of Orion  

pts_bbox_head.transformer.query_decoder._layers.3.transformer_layers.4._layers.0.weight - torch.Size([2048, 256]): 
Initialized by user-defined `init_weights` in OrionHead  

pts_bbox_head.transformer.query_decoder._layers.3.transformer_layers.4._layers.0.bias - torch.Size([2048]): 
The value is the same before and after calling `init_weights` of Orion  

pts_bbox_head.transformer.query_decoder._layers.3.transformer_layers.4._layers.3.weight - torch.Size([256, 2048]): 
Initialized by user-defined `init_weights` in OrionHead  

pts_bbox_head.transformer.query_decoder._layers.3.transformer_layers.4._layers.3.bias - torch.Size([256]): 
The value is the same before and after calling `init_weights` of Orion  

pts_bbox_head.transformer.query_decoder._layers.3.transformer_layers.5.weight - torch.Size([256]): 
The value is the same before and after calling `init_weights` of Orion  

pts_bbox_head.transformer.query_decoder._layers.3.transformer_layers.5.bias - torch.Size([256]): 
The value is the same before and after calling `init_weights` of Orion  

pts_bbox_head.transformer.query_decoder._layers.4.transformer_layers.0.attn.in_proj_weight - torch.Size([768, 256]): 
The value is the same before and after calling `init_weights` of Orion  

pts_bbox_head.transformer.query_decoder._layers.4.transformer_layers.0.attn.in_proj_bias - torch.Size([768]): 
The value is the same before and after calling `init_weights` of Orion  

pts_bbox_head.transformer.query_decoder._layers.4.transformer_layers.0.attn.out_proj.weight - torch.Size([256, 256]): 
Initialized by user-defined `init_weights` in OrionHead  

pts_bbox_head.transformer.query_decoder._layers.4.transformer_layers.0.attn.out_proj.bias - torch.Size([256]): 
The value is the same before and after calling `init_weights` of Orion  

pts_bbox_head.transformer.query_decoder._layers.4.transformer_layers.1.weight - torch.Size([256]): 
The value is the same before and after calling `init_weights` of Orion  

pts_bbox_head.transformer.query_decoder._layers.4.transformer_layers.1.bias - torch.Size([256]): 
The value is the same before and after calling `init_weights` of Orion  

pts_bbox_head.transformer.query_decoder._layers.4.transformer_layers.2.attn.in_proj_weight - torch.Size([768, 256]): 
The value is the same before and after calling `init_weights` of Orion  

pts_bbox_head.transformer.query_decoder._layers.4.transformer_layers.2.attn.in_proj_bias - torch.Size([768]): 
The value is the same before and after calling `init_weights` of Orion  

pts_bbox_head.transformer.query_decoder._layers.4.transformer_layers.2.attn.out_proj.weight - torch.Size([256, 256]): 
Initialized by user-defined `init_weights` in OrionHead  

pts_bbox_head.transformer.query_decoder._layers.4.transformer_layers.2.attn.out_proj.bias - torch.Size([256]): 
The value is the same before and after calling `init_weights` of Orion  

pts_bbox_head.transformer.query_decoder._layers.4.transformer_layers.3.weight - torch.Size([256]): 
The value is the same before and after calling `init_weights` of Orion  

pts_bbox_head.transformer.query_decoder._layers.4.transformer_layers.3.bias - torch.Size([256]): 
The value is the same before and after calling `init_weights` of Orion  

pts_bbox_head.transformer.query_decoder._layers.4.transformer_layers.4._layers.0.weight - torch.Size([2048, 256]): 
Initialized by user-defined `init_weights` in OrionHead  

pts_bbox_head.transformer.query_decoder._layers.4.transformer_layers.4._layers.0.bias - torch.Size([2048]): 
The value is the same before and after calling `init_weights` of Orion  

pts_bbox_head.transformer.query_decoder._layers.4.transformer_layers.4._layers.3.weight - torch.Size([256, 2048]): 
Initialized by user-defined `init_weights` in OrionHead  

pts_bbox_head.transformer.query_decoder._layers.4.transformer_layers.4._layers.3.bias - torch.Size([256]): 
The value is the same before and after calling `init_weights` of Orion  

pts_bbox_head.transformer.query_decoder._layers.4.transformer_layers.5.weight - torch.Size([256]): 
The value is the same before and after calling `init_weights` of Orion  

pts_bbox_head.transformer.query_decoder._layers.4.transformer_layers.5.bias - torch.Size([256]): 
The value is the same before and after calling `init_weights` of Orion  

pts_bbox_head.transformer.query_decoder._layers.5.transformer_layers.0.attn.in_proj_weight - torch.Size([768, 256]): 
The value is the same before and after calling `init_weights` of Orion  

pts_bbox_head.transformer.query_decoder._layers.5.transformer_layers.0.attn.in_proj_bias - torch.Size([768]): 
The value is the same before and after calling `init_weights` of Orion  

pts_bbox_head.transformer.query_decoder._layers.5.transformer_layers.0.attn.out_proj.weight - torch.Size([256, 256]): 
Initialized by user-defined `init_weights` in OrionHead  

pts_bbox_head.transformer.query_decoder._layers.5.transformer_layers.0.attn.out_proj.bias - torch.Size([256]): 
The value is the same before and after calling `init_weights` of Orion  

pts_bbox_head.transformer.query_decoder._layers.5.transformer_layers.1.weight - torch.Size([256]): 
The value is the same before and after calling `init_weights` of Orion  

pts_bbox_head.transformer.query_decoder._layers.5.transformer_layers.1.bias - torch.Size([256]): 
The value is the same before and after calling `init_weights` of Orion  

pts_bbox_head.transformer.query_decoder._layers.5.transformer_layers.2.attn.in_proj_weight - torch.Size([768, 256]): 
The value is the same before and after calling `init_weights` of Orion  

pts_bbox_head.transformer.query_decoder._layers.5.transformer_layers.2.attn.in_proj_bias - torch.Size([768]): 
The value is the same before and after calling `init_weights` of Orion  

pts_bbox_head.transformer.query_decoder._layers.5.transformer_layers.2.attn.out_proj.weight - torch.Size([256, 256]): 
Initialized by user-defined `init_weights` in OrionHead  

pts_bbox_head.transformer.query_decoder._layers.5.transformer_layers.2.attn.out_proj.bias - torch.Size([256]): 
The value is the same before and after calling `init_weights` of Orion  

pts_bbox_head.transformer.query_decoder._layers.5.transformer_layers.3.weight - torch.Size([256]): 
The value is the same before and after calling `init_weights` of Orion  

pts_bbox_head.transformer.query_decoder._layers.5.transformer_layers.3.bias - torch.Size([256]): 
The value is the same before and after calling `init_weights` of Orion  

pts_bbox_head.transformer.query_decoder._layers.5.transformer_layers.4._layers.0.weight - torch.Size([2048, 256]): 
Initialized by user-defined `init_weights` in OrionHead  

pts_bbox_head.transformer.query_decoder._layers.5.transformer_layers.4._layers.0.bias - torch.Size([2048]): 
The value is the same before and after calling `init_weights` of Orion  

pts_bbox_head.transformer.query_decoder._layers.5.transformer_layers.4._layers.3.weight - torch.Size([256, 2048]): 
Initialized by user-defined `init_weights` in OrionHead  

pts_bbox_head.transformer.query_decoder._layers.5.transformer_layers.4._layers.3.bias - torch.Size([256]): 
The value is the same before and after calling `init_weights` of Orion  

pts_bbox_head.transformer.query_decoder._layers.5.transformer_layers.5.weight - torch.Size([256]): 
The value is the same before and after calling `init_weights` of Orion  

pts_bbox_head.transformer.query_decoder._layers.5.transformer_layers.5.bias - torch.Size([256]): 
The value is the same before and after calling `init_weights` of Orion  

pts_bbox_head.memory_query.weight - torch.Size([16, 256]): 
The value is the same before and after calling `init_weights` of Orion  

pts_bbox_head.scene_time_embedding.0.weight - torch.Size([256, 256]): 
The value is the same before and after calling `init_weights` of Orion  

pts_bbox_head.scene_time_embedding.0.bias - torch.Size([256]): 
The value is the same before and after calling `init_weights` of Orion  

pts_bbox_head.scene_time_embedding.1.weight - torch.Size([256]): 
The value is the same before and after calling `init_weights` of Orion  

pts_bbox_head.scene_time_embedding.1.bias - torch.Size([256]): 
The value is the same before and after calling `init_weights` of Orion  

pts_bbox_head.memory_decoder_cq._layers.0.transformer_layers.0.attn.in_proj_weight - torch.Size([768, 256]): 
Initialized by user-defined `init_weights` in OrionHead  

pts_bbox_head.memory_decoder_cq._layers.0.transformer_layers.0.attn.out_proj.weight - torch.Size([256, 256]): 
Initialized by user-defined `init_weights` in OrionHead  

pts_bbox_head.memory_decoder_cq._layers.0.transformer_layers.1.weight - torch.Size([256]): 
The value is the same before and after calling `init_weights` of Orion  

pts_bbox_head.memory_decoder_cq._layers.0.transformer_layers.1.bias - torch.Size([256]): 
The value is the same before and after calling `init_weights` of Orion  

pts_bbox_head.memory_decoder_cq._layers.0.transformer_layers.2._layers.0.weight - torch.Size([512, 256]): 
Initialized by user-defined `init_weights` in OrionHead  

pts_bbox_head.memory_decoder_cq._layers.0.transformer_layers.2._layers.0.bias - torch.Size([512]): 
The value is the same before and after calling `init_weights` of Orion  

pts_bbox_head.memory_decoder_cq._layers.0.transformer_layers.2._layers.3.weight - torch.Size([256, 512]): 
Initialized by user-defined `init_weights` in OrionHead  

pts_bbox_head.memory_decoder_cq._layers.0.transformer_layers.2._layers.3.bias - torch.Size([256]): 
The value is the same before and after calling `init_weights` of Orion  

pts_bbox_head.memory_decoder_cq._layers.0.transformer_layers.3.weight - torch.Size([256]): 
The value is the same before and after calling `init_weights` of Orion  

pts_bbox_head.memory_decoder_cq._layers.0.transformer_layers.3.bias - torch.Size([256]): 
The value is the same before and after calling `init_weights` of Orion  

pts_bbox_head.memory_decoder_mq._layers.0.transformer_layers.0.attn.in_proj_weight - torch.Size([768, 256]): 
Initialized by user-defined `init_weights` in OrionHead  

pts_bbox_head.memory_decoder_mq._layers.0.transformer_layers.0.attn.out_proj.weight - torch.Size([256, 256]): 
Initialized by user-defined `init_weights` in OrionHead  

pts_bbox_head.memory_decoder_mq._layers.0.transformer_layers.1.weight - torch.Size([256]): 
The value is the same before and after calling `init_weights` of Orion  

pts_bbox_head.memory_decoder_mq._layers.0.transformer_layers.1.bias - torch.Size([256]): 
The value is the same before and after calling `init_weights` of Orion  

pts_bbox_head.memory_decoder_mq._layers.0.transformer_layers.2._layers.0.weight - torch.Size([512, 256]): 
Initialized by user-defined `init_weights` in OrionHead  

pts_bbox_head.memory_decoder_mq._layers.0.transformer_layers.2._layers.0.bias - torch.Size([512]): 
The value is the same before and after calling `init_weights` of Orion  

pts_bbox_head.memory_decoder_mq._layers.0.transformer_layers.2._layers.3.weight - torch.Size([256, 512]): 
Initialized by user-defined `init_weights` in OrionHead  

pts_bbox_head.memory_decoder_mq._layers.0.transformer_layers.2._layers.3.bias - torch.Size([256]): 
The value is the same before and after calling `init_weights` of Orion  

pts_bbox_head.memory_decoder_mq._layers.0.transformer_layers.3.weight - torch.Size([256]): 
The value is the same before and after calling `init_weights` of Orion  

pts_bbox_head.memory_decoder_mq._layers.0.transformer_layers.3.bias - torch.Size([256]): 
The value is the same before and after calling `init_weights` of Orion  

pts_bbox_head.tl_branches.0.0.weight - torch.Size([256, 256]): 
The value is the same before and after calling `init_weights` of Orion  

pts_bbox_head.tl_branches.0.0.bias - torch.Size([256]): 
The value is the same before and after calling `init_weights` of Orion  

pts_bbox_head.tl_branches.0.1.weight - torch.Size([256]): 
The value is the same before and after calling `init_weights` of Orion  

pts_bbox_head.tl_branches.0.1.bias - torch.Size([256]): 
The value is the same before and after calling `init_weights` of Orion  

pts_bbox_head.tl_branches.0.3.weight - torch.Size([256, 256]): 
The value is the same before and after calling `init_weights` of Orion  

pts_bbox_head.tl_branches.0.3.bias - torch.Size([256]): 
The value is the same before and after calling `init_weights` of Orion  

pts_bbox_head.tl_branches.0.4.weight - torch.Size([256]): 
The value is the same before and after calling `init_weights` of Orion  

pts_bbox_head.tl_branches.0.4.bias - torch.Size([256]): 
The value is the same before and after calling `init_weights` of Orion  

pts_bbox_head.tl_branches.0.6.weight - torch.Size([4, 256]): 
The value is the same before and after calling `init_weights` of Orion  

pts_bbox_head.tl_branches.0.6.bias - torch.Size([4]): 
The value is the same before and after calling `init_weights` of Orion  

pts_bbox_head.query_pos.0.weight - torch.Size([256, 396]): 
The value is the same before and after calling `init_weights` of Orion  

pts_bbox_head.query_pos.0.bias - torch.Size([256]): 
The value is the same before and after calling `init_weights` of Orion  

pts_bbox_head.query_pos.2.weight - torch.Size([256, 256]): 
The value is the same before and after calling `init_weights` of Orion  

pts_bbox_head.query_pos.2.bias - torch.Size([256]): 
The value is the same before and after calling `init_weights` of Orion  

pts_bbox_head.time_embedding.0.weight - torch.Size([256, 256]): 
The value is the same before and after calling `init_weights` of Orion  

pts_bbox_head.time_embedding.0.bias - torch.Size([256]): 
The value is the same before and after calling `init_weights` of Orion  

pts_bbox_head.time_embedding.1.weight - torch.Size([256]): 
The value is the same before and after calling `init_weights` of Orion  

pts_bbox_head.time_embedding.1.bias - torch.Size([256]): 
The value is the same before and after calling `init_weights` of Orion  

pts_bbox_head.ego_pose_pe.reduce.0.weight - torch.Size([256, 156]): 
The value is the same before and after calling `init_weights` of Orion  

pts_bbox_head.ego_pose_pe.reduce.0.bias - torch.Size([256]): 
The value is the same before and after calling `init_weights` of Orion  

pts_bbox_head.ego_pose_pe.gamma.weight - torch.Size([256, 256]): 
The value is the same before and after calling `init_weights` of Orion  

pts_bbox_head.ego_pose_pe.gamma.bias - torch.Size([256]): 
The value is the same before and after calling `init_weights` of Orion  

pts_bbox_head.ego_pose_pe.beta.weight - torch.Size([256, 256]): 
The value is the same before and after calling `init_weights` of Orion  

pts_bbox_head.ego_pose_pe.beta.bias - torch.Size([256]): 
The value is the same before and after calling `init_weights` of Orion  

img_backbone.pos_embed - torch.Size([1, 197, 1024]): 
The value is the same before and after calling `init_weights` of Orion  

img_backbone.patch_embed.proj.weight - torch.Size([1024, 3, 16, 16]): 
The value is the same before and after calling `init_weights` of Orion  

img_backbone.patch_embed.proj.bias - torch.Size([1024]): 
The value is the same before and after calling `init_weights` of Orion  

img_backbone.blocks.0.norm1.weight - torch.Size([1024]): 
The value is the same before and after calling `init_weights` of Orion  

img_backbone.blocks.0.norm1.bias - torch.Size([1024]): 
The value is the same before and after calling `init_weights` of Orion  

img_backbone.blocks.0.attn.q_bias - torch.Size([1024]): 
The value is the same before and after calling `init_weights` of Orion  

img_backbone.blocks.0.attn.v_bias - torch.Size([1024]): 
The value is the same before and after calling `init_weights` of Orion  

img_backbone.blocks.0.attn.q_proj.weight - torch.Size([1024, 1024]): 
The value is the same before and after calling `init_weights` of Orion  

img_backbone.blocks.0.attn.k_proj.weight - torch.Size([1024, 1024]): 
The value is the same before and after calling `init_weights` of Orion  

img_backbone.blocks.0.attn.v_proj.weight - torch.Size([1024, 1024]): 
The value is the same before and after calling `init_weights` of Orion  

img_backbone.blocks.0.attn.proj.weight - torch.Size([1024, 1024]): 
The value is the same before and after calling `init_weights` of Orion  

img_backbone.blocks.0.attn.proj.bias - torch.Size([1024]): 
The value is the same before and after calling `init_weights` of Orion  

img_backbone.blocks.0.norm2.weight - torch.Size([1024]): 
The value is the same before and after calling `init_weights` of Orion  

img_backbone.blocks.0.norm2.bias - torch.Size([1024]): 
The value is the same before and after calling `init_weights` of Orion  

img_backbone.blocks.0.mlp.w1.weight - torch.Size([2730, 1024]): 
The value is the same before and after calling `init_weights` of Orion  

img_backbone.blocks.0.mlp.w1.bias - torch.Size([2730]): 
The value is the same before and after calling `init_weights` of Orion  

img_backbone.blocks.0.mlp.w2.weight - torch.Size([2730, 1024]): 
The value is the same before and after calling `init_weights` of Orion  

img_backbone.blocks.0.mlp.w2.bias - torch.Size([2730]): 
The value is the same before and after calling `init_weights` of Orion  

img_backbone.blocks.0.mlp.ffn_ln.weight - torch.Size([2730]): 
The value is the same before and after calling `init_weights` of Orion  

img_backbone.blocks.0.mlp.ffn_ln.bias - torch.Size([2730]): 
The value is the same before and after calling `init_weights` of Orion  

img_backbone.blocks.0.mlp.w3.weight - torch.Size([1024, 2730]): 
The value is the same before and after calling `init_weights` of Orion  

img_backbone.blocks.0.mlp.w3.bias - torch.Size([1024]): 
The value is the same before and after calling `init_weights` of Orion  

img_backbone.blocks.1.norm1.weight - torch.Size([1024]): 
The value is the same before and after calling `init_weights` of Orion  

img_backbone.blocks.1.norm1.bias - torch.Size([1024]): 
The value is the same before and after calling `init_weights` of Orion  

img_backbone.blocks.1.attn.q_bias - torch.Size([1024]): 
The value is the same before and after calling `init_weights` of Orion  

img_backbone.blocks.1.attn.v_bias - torch.Size([1024]): 
The value is the same before and after calling `init_weights` of Orion  

img_backbone.blocks.1.attn.q_proj.weight - torch.Size([1024, 1024]): 
The value is the same before and after calling `init_weights` of Orion  

img_backbone.blocks.1.attn.k_proj.weight - torch.Size([1024, 1024]): 
The value is the same before and after calling `init_weights` of Orion  

img_backbone.blocks.1.attn.v_proj.weight - torch.Size([1024, 1024]): 
The value is the same before and after calling `init_weights` of Orion  

img_backbone.blocks.1.attn.proj.weight - torch.Size([1024, 1024]): 
The value is the same before and after calling `init_weights` of Orion  

img_backbone.blocks.1.attn.proj.bias - torch.Size([1024]): 
The value is the same before and after calling `init_weights` of Orion  

img_backbone.blocks.1.norm2.weight - torch.Size([1024]): 
The value is the same before and after calling `init_weights` of Orion  

img_backbone.blocks.1.norm2.bias - torch.Size([1024]): 
The value is the same before and after calling `init_weights` of Orion  

img_backbone.blocks.1.mlp.w1.weight - torch.Size([2730, 1024]): 
The value is the same before and after calling `init_weights` of Orion  

img_backbone.blocks.1.mlp.w1.bias - torch.Size([2730]): 
The value is the same before and after calling `init_weights` of Orion  

img_backbone.blocks.1.mlp.w2.weight - torch.Size([2730, 1024]): 
The value is the same before and after calling `init_weights` of Orion  

img_backbone.blocks.1.mlp.w2.bias - torch.Size([2730]): 
The value is the same before and after calling `init_weights` of Orion  

img_backbone.blocks.1.mlp.ffn_ln.weight - torch.Size([2730]): 
The value is the same before and after calling `init_weights` of Orion  

img_backbone.blocks.1.mlp.ffn_ln.bias - torch.Size([2730]): 
The value is the same before and after calling `init_weights` of Orion  

img_backbone.blocks.1.mlp.w3.weight - torch.Size([1024, 2730]): 
The value is the same before and after calling `init_weights` of Orion  

img_backbone.blocks.1.mlp.w3.bias - torch.Size([1024]): 
The value is the same before and after calling `init_weights` of Orion  

img_backbone.blocks.2.norm1.weight - torch.Size([1024]): 
The value is the same before and after calling `init_weights` of Orion  

img_backbone.blocks.2.norm1.bias - torch.Size([1024]): 
The value is the same before and after calling `init_weights` of Orion  

img_backbone.blocks.2.attn.q_bias - torch.Size([1024]): 
The value is the same before and after calling `init_weights` of Orion  

img_backbone.blocks.2.attn.v_bias - torch.Size([1024]): 
The value is the same before and after calling `init_weights` of Orion  

img_backbone.blocks.2.attn.q_proj.weight - torch.Size([1024, 1024]): 
The value is the same before and after calling `init_weights` of Orion  

img_backbone.blocks.2.attn.k_proj.weight - torch.Size([1024, 1024]): 
The value is the same before and after calling `init_weights` of Orion  

img_backbone.blocks.2.attn.v_proj.weight - torch.Size([1024, 1024]): 
The value is the same before and after calling `init_weights` of Orion  

img_backbone.blocks.2.attn.proj.weight - torch.Size([1024, 1024]): 
The value is the same before and after calling `init_weights` of Orion  

img_backbone.blocks.2.attn.proj.bias - torch.Size([1024]): 
The value is the same before and after calling `init_weights` of Orion  

img_backbone.blocks.2.norm2.weight - torch.Size([1024]): 
The value is the same before and after calling `init_weights` of Orion  

img_backbone.blocks.2.norm2.bias - torch.Size([1024]): 
The value is the same before and after calling `init_weights` of Orion  

img_backbone.blocks.2.mlp.w1.weight - torch.Size([2730, 1024]): 
The value is the same before and after calling `init_weights` of Orion  

img_backbone.blocks.2.mlp.w1.bias - torch.Size([2730]): 
The value is the same before and after calling `init_weights` of Orion  

img_backbone.blocks.2.mlp.w2.weight - torch.Size([2730, 1024]): 
The value is the same before and after calling `init_weights` of Orion  

img_backbone.blocks.2.mlp.w2.bias - torch.Size([2730]): 
The value is the same before and after calling `init_weights` of Orion  

img_backbone.blocks.2.mlp.ffn_ln.weight - torch.Size([2730]): 
The value is the same before and after calling `init_weights` of Orion  

img_backbone.blocks.2.mlp.ffn_ln.bias - torch.Size([2730]): 
The value is the same before and after calling `init_weights` of Orion  

img_backbone.blocks.2.mlp.w3.weight - torch.Size([1024, 2730]): 
The value is the same before and after calling `init_weights` of Orion  

img_backbone.blocks.2.mlp.w3.bias - torch.Size([1024]): 
The value is the same before and after calling `init_weights` of Orion  

img_backbone.blocks.3.norm1.weight - torch.Size([1024]): 
The value is the same before and after calling `init_weights` of Orion  

img_backbone.blocks.3.norm1.bias - torch.Size([1024]): 
The value is the same before and after calling `init_weights` of Orion  

img_backbone.blocks.3.attn.q_bias - torch.Size([1024]): 
The value is the same before and after calling `init_weights` of Orion  

img_backbone.blocks.3.attn.v_bias - torch.Size([1024]): 
The value is the same before and after calling `init_weights` of Orion  

img_backbone.blocks.3.attn.q_proj.weight - torch.Size([1024, 1024]): 
The value is the same before and after calling `init_weights` of Orion  

img_backbone.blocks.3.attn.k_proj.weight - torch.Size([1024, 1024]): 
The value is the same before and after calling `init_weights` of Orion  

img_backbone.blocks.3.attn.v_proj.weight - torch.Size([1024, 1024]): 
The value is the same before and after calling `init_weights` of Orion  

img_backbone.blocks.3.attn.proj.weight - torch.Size([1024, 1024]): 
The value is the same before and after calling `init_weights` of Orion  

img_backbone.blocks.3.attn.proj.bias - torch.Size([1024]): 
The value is the same before and after calling `init_weights` of Orion  

img_backbone.blocks.3.norm2.weight - torch.Size([1024]): 
The value is the same before and after calling `init_weights` of Orion  

img_backbone.blocks.3.norm2.bias - torch.Size([1024]): 
The value is the same before and after calling `init_weights` of Orion  

img_backbone.blocks.3.mlp.w1.weight - torch.Size([2730, 1024]): 
The value is the same before and after calling `init_weights` of Orion  

img_backbone.blocks.3.mlp.w1.bias - torch.Size([2730]): 
The value is the same before and after calling `init_weights` of Orion  

img_backbone.blocks.3.mlp.w2.weight - torch.Size([2730, 1024]): 
The value is the same before and after calling `init_weights` of Orion  

img_backbone.blocks.3.mlp.w2.bias - torch.Size([2730]): 
The value is the same before and after calling `init_weights` of Orion  

img_backbone.blocks.3.mlp.ffn_ln.weight - torch.Size([2730]): 
The value is the same before and after calling `init_weights` of Orion  

img_backbone.blocks.3.mlp.ffn_ln.bias - torch.Size([2730]): 
The value is the same before and after calling `init_weights` of Orion  

img_backbone.blocks.3.mlp.w3.weight - torch.Size([1024, 2730]): 
The value is the same before and after calling `init_weights` of Orion  

img_backbone.blocks.3.mlp.w3.bias - torch.Size([1024]): 
The value is the same before and after calling `init_weights` of Orion  

img_backbone.blocks.4.norm1.weight - torch.Size([1024]): 
The value is the same before and after calling `init_weights` of Orion  

img_backbone.blocks.4.norm1.bias - torch.Size([1024]): 
The value is the same before and after calling `init_weights` of Orion  

img_backbone.blocks.4.attn.q_bias - torch.Size([1024]): 
The value is the same before and after calling `init_weights` of Orion  

img_backbone.blocks.4.attn.v_bias - torch.Size([1024]): 
The value is the same before and after calling `init_weights` of Orion  

img_backbone.blocks.4.attn.q_proj.weight - torch.Size([1024, 1024]): 
The value is the same before and after calling `init_weights` of Orion  

img_backbone.blocks.4.attn.k_proj.weight - torch.Size([1024, 1024]): 
The value is the same before and after calling `init_weights` of Orion  

img_backbone.blocks.4.attn.v_proj.weight - torch.Size([1024, 1024]): 
The value is the same before and after calling `init_weights` of Orion  

img_backbone.blocks.4.attn.proj.weight - torch.Size([1024, 1024]): 
The value is the same before and after calling `init_weights` of Orion  

img_backbone.blocks.4.attn.proj.bias - torch.Size([1024]): 
The value is the same before and after calling `init_weights` of Orion  

img_backbone.blocks.4.norm2.weight - torch.Size([1024]): 
The value is the same before and after calling `init_weights` of Orion  

img_backbone.blocks.4.norm2.bias - torch.Size([1024]): 
The value is the same before and after calling `init_weights` of Orion  

img_backbone.blocks.4.mlp.w1.weight - torch.Size([2730, 1024]): 
The value is the same before and after calling `init_weights` of Orion  

img_backbone.blocks.4.mlp.w1.bias - torch.Size([2730]): 
The value is the same before and after calling `init_weights` of Orion  

img_backbone.blocks.4.mlp.w2.weight - torch.Size([2730, 1024]): 
The value is the same before and after calling `init_weights` of Orion  

img_backbone.blocks.4.mlp.w2.bias - torch.Size([2730]): 
The value is the same before and after calling `init_weights` of Orion  

img_backbone.blocks.4.mlp.ffn_ln.weight - torch.Size([2730]): 
The value is the same before and after calling `init_weights` of Orion  

img_backbone.blocks.4.mlp.ffn_ln.bias - torch.Size([2730]): 
The value is the same before and after calling `init_weights` of Orion  

img_backbone.blocks.4.mlp.w3.weight - torch.Size([1024, 2730]): 
The value is the same before and after calling `init_weights` of Orion  

img_backbone.blocks.4.mlp.w3.bias - torch.Size([1024]): 
The value is the same before and after calling `init_weights` of Orion  

img_backbone.blocks.5.norm1.weight - torch.Size([1024]): 
The value is the same before and after calling `init_weights` of Orion  

img_backbone.blocks.5.norm1.bias - torch.Size([1024]): 
The value is the same before and after calling `init_weights` of Orion  

img_backbone.blocks.5.attn.q_bias - torch.Size([1024]): 
The value is the same before and after calling `init_weights` of Orion  

img_backbone.blocks.5.attn.v_bias - torch.Size([1024]): 
The value is the same before and after calling `init_weights` of Orion  

img_backbone.blocks.5.attn.q_proj.weight - torch.Size([1024, 1024]): 
The value is the same before and after calling `init_weights` of Orion  

img_backbone.blocks.5.attn.k_proj.weight - torch.Size([1024, 1024]): 
The value is the same before and after calling `init_weights` of Orion  

img_backbone.blocks.5.attn.v_proj.weight - torch.Size([1024, 1024]): 
The value is the same before and after calling `init_weights` of Orion  

img_backbone.blocks.5.attn.proj.weight - torch.Size([1024, 1024]): 
The value is the same before and after calling `init_weights` of Orion  

img_backbone.blocks.5.attn.proj.bias - torch.Size([1024]): 
The value is the same before and after calling `init_weights` of Orion  

img_backbone.blocks.5.norm2.weight - torch.Size([1024]): 
The value is the same before and after calling `init_weights` of Orion  

img_backbone.blocks.5.norm2.bias - torch.Size([1024]): 
The value is the same before and after calling `init_weights` of Orion  

img_backbone.blocks.5.mlp.w1.weight - torch.Size([2730, 1024]): 
The value is the same before and after calling `init_weights` of Orion  

img_backbone.blocks.5.mlp.w1.bias - torch.Size([2730]): 
The value is the same before and after calling `init_weights` of Orion  

img_backbone.blocks.5.mlp.w2.weight - torch.Size([2730, 1024]): 
The value is the same before and after calling `init_weights` of Orion  

img_backbone.blocks.5.mlp.w2.bias - torch.Size([2730]): 
The value is the same before and after calling `init_weights` of Orion  

img_backbone.blocks.5.mlp.ffn_ln.weight - torch.Size([2730]): 
The value is the same before and after calling `init_weights` of Orion  

img_backbone.blocks.5.mlp.ffn_ln.bias - torch.Size([2730]): 
The value is the same before and after calling `init_weights` of Orion  

img_backbone.blocks.5.mlp.w3.weight - torch.Size([1024, 2730]): 
The value is the same before and after calling `init_weights` of Orion  

img_backbone.blocks.5.mlp.w3.bias - torch.Size([1024]): 
The value is the same before and after calling `init_weights` of Orion  

img_backbone.blocks.6.norm1.weight - torch.Size([1024]): 
The value is the same before and after calling `init_weights` of Orion  

img_backbone.blocks.6.norm1.bias - torch.Size([1024]): 
The value is the same before and after calling `init_weights` of Orion  

img_backbone.blocks.6.attn.q_bias - torch.Size([1024]): 
The value is the same before and after calling `init_weights` of Orion  

img_backbone.blocks.6.attn.v_bias - torch.Size([1024]): 
The value is the same before and after calling `init_weights` of Orion  

img_backbone.blocks.6.attn.q_proj.weight - torch.Size([1024, 1024]): 
The value is the same before and after calling `init_weights` of Orion  

img_backbone.blocks.6.attn.k_proj.weight - torch.Size([1024, 1024]): 
The value is the same before and after calling `init_weights` of Orion  

img_backbone.blocks.6.attn.v_proj.weight - torch.Size([1024, 1024]): 
The value is the same before and after calling `init_weights` of Orion  

img_backbone.blocks.6.attn.proj.weight - torch.Size([1024, 1024]): 
The value is the same before and after calling `init_weights` of Orion  

img_backbone.blocks.6.attn.proj.bias - torch.Size([1024]): 
The value is the same before and after calling `init_weights` of Orion  

img_backbone.blocks.6.norm2.weight - torch.Size([1024]): 
The value is the same before and after calling `init_weights` of Orion  

img_backbone.blocks.6.norm2.bias - torch.Size([1024]): 
The value is the same before and after calling `init_weights` of Orion  

img_backbone.blocks.6.mlp.w1.weight - torch.Size([2730, 1024]): 
The value is the same before and after calling `init_weights` of Orion  

img_backbone.blocks.6.mlp.w1.bias - torch.Size([2730]): 
The value is the same before and after calling `init_weights` of Orion  

img_backbone.blocks.6.mlp.w2.weight - torch.Size([2730, 1024]): 
The value is the same before and after calling `init_weights` of Orion  

img_backbone.blocks.6.mlp.w2.bias - torch.Size([2730]): 
The value is the same before and after calling `init_weights` of Orion  

img_backbone.blocks.6.mlp.ffn_ln.weight - torch.Size([2730]): 
The value is the same before and after calling `init_weights` of Orion  

img_backbone.blocks.6.mlp.ffn_ln.bias - torch.Size([2730]): 
The value is the same before and after calling `init_weights` of Orion  

img_backbone.blocks.6.mlp.w3.weight - torch.Size([1024, 2730]): 
The value is the same before and after calling `init_weights` of Orion  

img_backbone.blocks.6.mlp.w3.bias - torch.Size([1024]): 
The value is the same before and after calling `init_weights` of Orion  

img_backbone.blocks.7.norm1.weight - torch.Size([1024]): 
The value is the same before and after calling `init_weights` of Orion  

img_backbone.blocks.7.norm1.bias - torch.Size([1024]): 
The value is the same before and after calling `init_weights` of Orion  

img_backbone.blocks.7.attn.q_bias - torch.Size([1024]): 
The value is the same before and after calling `init_weights` of Orion  

img_backbone.blocks.7.attn.v_bias - torch.Size([1024]): 
The value is the same before and after calling `init_weights` of Orion  

img_backbone.blocks.7.attn.q_proj.weight - torch.Size([1024, 1024]): 
The value is the same before and after calling `init_weights` of Orion  

img_backbone.blocks.7.attn.k_proj.weight - torch.Size([1024, 1024]): 
The value is the same before and after calling `init_weights` of Orion  

img_backbone.blocks.7.attn.v_proj.weight - torch.Size([1024, 1024]): 
The value is the same before and after calling `init_weights` of Orion  

img_backbone.blocks.7.attn.proj.weight - torch.Size([1024, 1024]): 
The value is the same before and after calling `init_weights` of Orion  

img_backbone.blocks.7.attn.proj.bias - torch.Size([1024]): 
The value is the same before and after calling `init_weights` of Orion  

img_backbone.blocks.7.norm2.weight - torch.Size([1024]): 
The value is the same before and after calling `init_weights` of Orion  

img_backbone.blocks.7.norm2.bias - torch.Size([1024]): 
The value is the same before and after calling `init_weights` of Orion  

img_backbone.blocks.7.mlp.w1.weight - torch.Size([2730, 1024]): 
The value is the same before and after calling `init_weights` of Orion  

img_backbone.blocks.7.mlp.w1.bias - torch.Size([2730]): 
The value is the same before and after calling `init_weights` of Orion  

img_backbone.blocks.7.mlp.w2.weight - torch.Size([2730, 1024]): 
The value is the same before and after calling `init_weights` of Orion  

img_backbone.blocks.7.mlp.w2.bias - torch.Size([2730]): 
The value is the same before and after calling `init_weights` of Orion  

img_backbone.blocks.7.mlp.ffn_ln.weight - torch.Size([2730]): 
The value is the same before and after calling `init_weights` of Orion  

img_backbone.blocks.7.mlp.ffn_ln.bias - torch.Size([2730]): 
The value is the same before and after calling `init_weights` of Orion  

img_backbone.blocks.7.mlp.w3.weight - torch.Size([1024, 2730]): 
The value is the same before and after calling `init_weights` of Orion  

img_backbone.blocks.7.mlp.w3.bias - torch.Size([1024]): 
The value is the same before and after calling `init_weights` of Orion  

img_backbone.blocks.8.norm1.weight - torch.Size([1024]): 
The value is the same before and after calling `init_weights` of Orion  

img_backbone.blocks.8.norm1.bias - torch.Size([1024]): 
The value is the same before and after calling `init_weights` of Orion  

img_backbone.blocks.8.attn.q_bias - torch.Size([1024]): 
The value is the same before and after calling `init_weights` of Orion  

img_backbone.blocks.8.attn.v_bias - torch.Size([1024]): 
The value is the same before and after calling `init_weights` of Orion  

img_backbone.blocks.8.attn.q_proj.weight - torch.Size([1024, 1024]): 
The value is the same before and after calling `init_weights` of Orion  

img_backbone.blocks.8.attn.k_proj.weight - torch.Size([1024, 1024]): 
The value is the same before and after calling `init_weights` of Orion  

img_backbone.blocks.8.attn.v_proj.weight - torch.Size([1024, 1024]): 
The value is the same before and after calling `init_weights` of Orion  

img_backbone.blocks.8.attn.proj.weight - torch.Size([1024, 1024]): 
The value is the same before and after calling `init_weights` of Orion  

img_backbone.blocks.8.attn.proj.bias - torch.Size([1024]): 
The value is the same before and after calling `init_weights` of Orion  

img_backbone.blocks.8.norm2.weight - torch.Size([1024]): 
The value is the same before and after calling `init_weights` of Orion  

img_backbone.blocks.8.norm2.bias - torch.Size([1024]): 
The value is the same before and after calling `init_weights` of Orion  

img_backbone.blocks.8.mlp.w1.weight - torch.Size([2730, 1024]): 
The value is the same before and after calling `init_weights` of Orion  

img_backbone.blocks.8.mlp.w1.bias - torch.Size([2730]): 
The value is the same before and after calling `init_weights` of Orion  

img_backbone.blocks.8.mlp.w2.weight - torch.Size([2730, 1024]): 
The value is the same before and after calling `init_weights` of Orion  

img_backbone.blocks.8.mlp.w2.bias - torch.Size([2730]): 
The value is the same before and after calling `init_weights` of Orion  

img_backbone.blocks.8.mlp.ffn_ln.weight - torch.Size([2730]): 
The value is the same before and after calling `init_weights` of Orion  

img_backbone.blocks.8.mlp.ffn_ln.bias - torch.Size([2730]): 
The value is the same before and after calling `init_weights` of Orion  

img_backbone.blocks.8.mlp.w3.weight - torch.Size([1024, 2730]): 
The value is the same before and after calling `init_weights` of Orion  

img_backbone.blocks.8.mlp.w3.bias - torch.Size([1024]): 
The value is the same before and after calling `init_weights` of Orion  

img_backbone.blocks.9.norm1.weight - torch.Size([1024]): 
The value is the same before and after calling `init_weights` of Orion  

img_backbone.blocks.9.norm1.bias - torch.Size([1024]): 
The value is the same before and after calling `init_weights` of Orion  

img_backbone.blocks.9.attn.q_bias - torch.Size([1024]): 
The value is the same before and after calling `init_weights` of Orion  

img_backbone.blocks.9.attn.v_bias - torch.Size([1024]): 
The value is the same before and after calling `init_weights` of Orion  

img_backbone.blocks.9.attn.q_proj.weight - torch.Size([1024, 1024]): 
The value is the same before and after calling `init_weights` of Orion  

img_backbone.blocks.9.attn.k_proj.weight - torch.Size([1024, 1024]): 
The value is the same before and after calling `init_weights` of Orion  

img_backbone.blocks.9.attn.v_proj.weight - torch.Size([1024, 1024]): 
The value is the same before and after calling `init_weights` of Orion  

img_backbone.blocks.9.attn.proj.weight - torch.Size([1024, 1024]): 
The value is the same before and after calling `init_weights` of Orion  

img_backbone.blocks.9.attn.proj.bias - torch.Size([1024]): 
The value is the same before and after calling `init_weights` of Orion  

img_backbone.blocks.9.norm2.weight - torch.Size([1024]): 
The value is the same before and after calling `init_weights` of Orion  

img_backbone.blocks.9.norm2.bias - torch.Size([1024]): 
The value is the same before and after calling `init_weights` of Orion  

img_backbone.blocks.9.mlp.w1.weight - torch.Size([2730, 1024]): 
The value is the same before and after calling `init_weights` of Orion  

img_backbone.blocks.9.mlp.w1.bias - torch.Size([2730]): 
The value is the same before and after calling `init_weights` of Orion  

img_backbone.blocks.9.mlp.w2.weight - torch.Size([2730, 1024]): 
The value is the same before and after calling `init_weights` of Orion  

img_backbone.blocks.9.mlp.w2.bias - torch.Size([2730]): 
The value is the same before and after calling `init_weights` of Orion  

img_backbone.blocks.9.mlp.ffn_ln.weight - torch.Size([2730]): 
The value is the same before and after calling `init_weights` of Orion  

img_backbone.blocks.9.mlp.ffn_ln.bias - torch.Size([2730]): 
The value is the same before and after calling `init_weights` of Orion  

img_backbone.blocks.9.mlp.w3.weight - torch.Size([1024, 2730]): 
The value is the same before and after calling `init_weights` of Orion  

img_backbone.blocks.9.mlp.w3.bias - torch.Size([1024]): 
The value is the same before and after calling `init_weights` of Orion  

img_backbone.blocks.10.norm1.weight - torch.Size([1024]): 
The value is the same before and after calling `init_weights` of Orion  

img_backbone.blocks.10.norm1.bias - torch.Size([1024]): 
The value is the same before and after calling `init_weights` of Orion  

img_backbone.blocks.10.attn.q_bias - torch.Size([1024]): 
The value is the same before and after calling `init_weights` of Orion  

img_backbone.blocks.10.attn.v_bias - torch.Size([1024]): 
The value is the same before and after calling `init_weights` of Orion  

img_backbone.blocks.10.attn.q_proj.weight - torch.Size([1024, 1024]): 
The value is the same before and after calling `init_weights` of Orion  

img_backbone.blocks.10.attn.k_proj.weight - torch.Size([1024, 1024]): 
The value is the same before and after calling `init_weights` of Orion  

img_backbone.blocks.10.attn.v_proj.weight - torch.Size([1024, 1024]): 
The value is the same before and after calling `init_weights` of Orion  

img_backbone.blocks.10.attn.proj.weight - torch.Size([1024, 1024]): 
The value is the same before and after calling `init_weights` of Orion  

img_backbone.blocks.10.attn.proj.bias - torch.Size([1024]): 
The value is the same before and after calling `init_weights` of Orion  

img_backbone.blocks.10.norm2.weight - torch.Size([1024]): 
The value is the same before and after calling `init_weights` of Orion  

img_backbone.blocks.10.norm2.bias - torch.Size([1024]): 
The value is the same before and after calling `init_weights` of Orion  

img_backbone.blocks.10.mlp.w1.weight - torch.Size([2730, 1024]): 
The value is the same before and after calling `init_weights` of Orion  

img_backbone.blocks.10.mlp.w1.bias - torch.Size([2730]): 
The value is the same before and after calling `init_weights` of Orion  

img_backbone.blocks.10.mlp.w2.weight - torch.Size([2730, 1024]): 
The value is the same before and after calling `init_weights` of Orion  

img_backbone.blocks.10.mlp.w2.bias - torch.Size([2730]): 
The value is the same before and after calling `init_weights` of Orion  

img_backbone.blocks.10.mlp.ffn_ln.weight - torch.Size([2730]): 
The value is the same before and after calling `init_weights` of Orion  

img_backbone.blocks.10.mlp.ffn_ln.bias - torch.Size([2730]): 
The value is the same before and after calling `init_weights` of Orion  

img_backbone.blocks.10.mlp.w3.weight - torch.Size([1024, 2730]): 
The value is the same before and after calling `init_weights` of Orion  

img_backbone.blocks.10.mlp.w3.bias - torch.Size([1024]): 
The value is the same before and after calling `init_weights` of Orion  

img_backbone.blocks.11.norm1.weight - torch.Size([1024]): 
The value is the same before and after calling `init_weights` of Orion  

img_backbone.blocks.11.norm1.bias - torch.Size([1024]): 
The value is the same before and after calling `init_weights` of Orion  

img_backbone.blocks.11.attn.q_bias - torch.Size([1024]): 
The value is the same before and after calling `init_weights` of Orion  

img_backbone.blocks.11.attn.v_bias - torch.Size([1024]): 
The value is the same before and after calling `init_weights` of Orion  

img_backbone.blocks.11.attn.q_proj.weight - torch.Size([1024, 1024]): 
The value is the same before and after calling `init_weights` of Orion  

img_backbone.blocks.11.attn.k_proj.weight - torch.Size([1024, 1024]): 
The value is the same before and after calling `init_weights` of Orion  

img_backbone.blocks.11.attn.v_proj.weight - torch.Size([1024, 1024]): 
The value is the same before and after calling `init_weights` of Orion  

img_backbone.blocks.11.attn.proj.weight - torch.Size([1024, 1024]): 
The value is the same before and after calling `init_weights` of Orion  

img_backbone.blocks.11.attn.proj.bias - torch.Size([1024]): 
The value is the same before and after calling `init_weights` of Orion  

img_backbone.blocks.11.norm2.weight - torch.Size([1024]): 
The value is the same before and after calling `init_weights` of Orion  

img_backbone.blocks.11.norm2.bias - torch.Size([1024]): 
The value is the same before and after calling `init_weights` of Orion  

img_backbone.blocks.11.mlp.w1.weight - torch.Size([2730, 1024]): 
The value is the same before and after calling `init_weights` of Orion  

img_backbone.blocks.11.mlp.w1.bias - torch.Size([2730]): 
The value is the same before and after calling `init_weights` of Orion  

img_backbone.blocks.11.mlp.w2.weight - torch.Size([2730, 1024]): 
The value is the same before and after calling `init_weights` of Orion  

img_backbone.blocks.11.mlp.w2.bias - torch.Size([2730]): 
The value is the same before and after calling `init_weights` of Orion  

img_backbone.blocks.11.mlp.ffn_ln.weight - torch.Size([2730]): 
The value is the same before and after calling `init_weights` of Orion  

img_backbone.blocks.11.mlp.ffn_ln.bias - torch.Size([2730]): 
The value is the same before and after calling `init_weights` of Orion  

img_backbone.blocks.11.mlp.w3.weight - torch.Size([1024, 2730]): 
The value is the same before and after calling `init_weights` of Orion  

img_backbone.blocks.11.mlp.w3.bias - torch.Size([1024]): 
The value is the same before and after calling `init_weights` of Orion  

img_backbone.blocks.12.norm1.weight - torch.Size([1024]): 
The value is the same before and after calling `init_weights` of Orion  

img_backbone.blocks.12.norm1.bias - torch.Size([1024]): 
The value is the same before and after calling `init_weights` of Orion  

img_backbone.blocks.12.attn.q_bias - torch.Size([1024]): 
The value is the same before and after calling `init_weights` of Orion  

img_backbone.blocks.12.attn.v_bias - torch.Size([1024]): 
The value is the same before and after calling `init_weights` of Orion  

img_backbone.blocks.12.attn.q_proj.weight - torch.Size([1024, 1024]): 
The value is the same before and after calling `init_weights` of Orion  

img_backbone.blocks.12.attn.k_proj.weight - torch.Size([1024, 1024]): 
The value is the same before and after calling `init_weights` of Orion  

img_backbone.blocks.12.attn.v_proj.weight - torch.Size([1024, 1024]): 
The value is the same before and after calling `init_weights` of Orion  

img_backbone.blocks.12.attn.proj.weight - torch.Size([1024, 1024]): 
The value is the same before and after calling `init_weights` of Orion  

img_backbone.blocks.12.attn.proj.bias - torch.Size([1024]): 
The value is the same before and after calling `init_weights` of Orion  

img_backbone.blocks.12.norm2.weight - torch.Size([1024]): 
The value is the same before and after calling `init_weights` of Orion  

img_backbone.blocks.12.norm2.bias - torch.Size([1024]): 
The value is the same before and after calling `init_weights` of Orion  

img_backbone.blocks.12.mlp.w1.weight - torch.Size([2730, 1024]): 
The value is the same before and after calling `init_weights` of Orion  

img_backbone.blocks.12.mlp.w1.bias - torch.Size([2730]): 
The value is the same before and after calling `init_weights` of Orion  

img_backbone.blocks.12.mlp.w2.weight - torch.Size([2730, 1024]): 
The value is the same before and after calling `init_weights` of Orion  

img_backbone.blocks.12.mlp.w2.bias - torch.Size([2730]): 
The value is the same before and after calling `init_weights` of Orion  

img_backbone.blocks.12.mlp.ffn_ln.weight - torch.Size([2730]): 
The value is the same before and after calling `init_weights` of Orion  

img_backbone.blocks.12.mlp.ffn_ln.bias - torch.Size([2730]): 
The value is the same before and after calling `init_weights` of Orion  

img_backbone.blocks.12.mlp.w3.weight - torch.Size([1024, 2730]): 
The value is the same before and after calling `init_weights` of Orion  

img_backbone.blocks.12.mlp.w3.bias - torch.Size([1024]): 
The value is the same before and after calling `init_weights` of Orion  

img_backbone.blocks.13.norm1.weight - torch.Size([1024]): 
The value is the same before and after calling `init_weights` of Orion  

img_backbone.blocks.13.norm1.bias - torch.Size([1024]): 
The value is the same before and after calling `init_weights` of Orion  

img_backbone.blocks.13.attn.q_bias - torch.Size([1024]): 
The value is the same before and after calling `init_weights` of Orion  

img_backbone.blocks.13.attn.v_bias - torch.Size([1024]): 
The value is the same before and after calling `init_weights` of Orion  

img_backbone.blocks.13.attn.q_proj.weight - torch.Size([1024, 1024]): 
The value is the same before and after calling `init_weights` of Orion  

img_backbone.blocks.13.attn.k_proj.weight - torch.Size([1024, 1024]): 
The value is the same before and after calling `init_weights` of Orion  

img_backbone.blocks.13.attn.v_proj.weight - torch.Size([1024, 1024]): 
The value is the same before and after calling `init_weights` of Orion  

img_backbone.blocks.13.attn.proj.weight - torch.Size([1024, 1024]): 
The value is the same before and after calling `init_weights` of Orion  

img_backbone.blocks.13.attn.proj.bias - torch.Size([1024]): 
The value is the same before and after calling `init_weights` of Orion  

img_backbone.blocks.13.norm2.weight - torch.Size([1024]): 
The value is the same before and after calling `init_weights` of Orion  

img_backbone.blocks.13.norm2.bias - torch.Size([1024]): 
The value is the same before and after calling `init_weights` of Orion  

img_backbone.blocks.13.mlp.w1.weight - torch.Size([2730, 1024]): 
The value is the same before and after calling `init_weights` of Orion  

img_backbone.blocks.13.mlp.w1.bias - torch.Size([2730]): 
The value is the same before and after calling `init_weights` of Orion  

img_backbone.blocks.13.mlp.w2.weight - torch.Size([2730, 1024]): 
The value is the same before and after calling `init_weights` of Orion  

img_backbone.blocks.13.mlp.w2.bias - torch.Size([2730]): 
The value is the same before and after calling `init_weights` of Orion  

img_backbone.blocks.13.mlp.ffn_ln.weight - torch.Size([2730]): 
The value is the same before and after calling `init_weights` of Orion  

img_backbone.blocks.13.mlp.ffn_ln.bias - torch.Size([2730]): 
The value is the same before and after calling `init_weights` of Orion  

img_backbone.blocks.13.mlp.w3.weight - torch.Size([1024, 2730]): 
The value is the same before and after calling `init_weights` of Orion  

img_backbone.blocks.13.mlp.w3.bias - torch.Size([1024]): 
The value is the same before and after calling `init_weights` of Orion  

img_backbone.blocks.14.norm1.weight - torch.Size([1024]): 
The value is the same before and after calling `init_weights` of Orion  

img_backbone.blocks.14.norm1.bias - torch.Size([1024]): 
The value is the same before and after calling `init_weights` of Orion  

img_backbone.blocks.14.attn.q_bias - torch.Size([1024]): 
The value is the same before and after calling `init_weights` of Orion  

img_backbone.blocks.14.attn.v_bias - torch.Size([1024]): 
The value is the same before and after calling `init_weights` of Orion  

img_backbone.blocks.14.attn.q_proj.weight - torch.Size([1024, 1024]): 
The value is the same before and after calling `init_weights` of Orion  

img_backbone.blocks.14.attn.k_proj.weight - torch.Size([1024, 1024]): 
The value is the same before and after calling `init_weights` of Orion  

img_backbone.blocks.14.attn.v_proj.weight - torch.Size([1024, 1024]): 
The value is the same before and after calling `init_weights` of Orion  

img_backbone.blocks.14.attn.proj.weight - torch.Size([1024, 1024]): 
The value is the same before and after calling `init_weights` of Orion  

img_backbone.blocks.14.attn.proj.bias - torch.Size([1024]): 
The value is the same before and after calling `init_weights` of Orion  

img_backbone.blocks.14.norm2.weight - torch.Size([1024]): 
The value is the same before and after calling `init_weights` of Orion  

img_backbone.blocks.14.norm2.bias - torch.Size([1024]): 
The value is the same before and after calling `init_weights` of Orion  

img_backbone.blocks.14.mlp.w1.weight - torch.Size([2730, 1024]): 
The value is the same before and after calling `init_weights` of Orion  

img_backbone.blocks.14.mlp.w1.bias - torch.Size([2730]): 
The value is the same before and after calling `init_weights` of Orion  

img_backbone.blocks.14.mlp.w2.weight - torch.Size([2730, 1024]): 
The value is the same before and after calling `init_weights` of Orion  

img_backbone.blocks.14.mlp.w2.bias - torch.Size([2730]): 
The value is the same before and after calling `init_weights` of Orion  

img_backbone.blocks.14.mlp.ffn_ln.weight - torch.Size([2730]): 
The value is the same before and after calling `init_weights` of Orion  

img_backbone.blocks.14.mlp.ffn_ln.bias - torch.Size([2730]): 
The value is the same before and after calling `init_weights` of Orion  

img_backbone.blocks.14.mlp.w3.weight - torch.Size([1024, 2730]): 
The value is the same before and after calling `init_weights` of Orion  

img_backbone.blocks.14.mlp.w3.bias - torch.Size([1024]): 
The value is the same before and after calling `init_weights` of Orion  

img_backbone.blocks.15.norm1.weight - torch.Size([1024]): 
The value is the same before and after calling `init_weights` of Orion  

img_backbone.blocks.15.norm1.bias - torch.Size([1024]): 
The value is the same before and after calling `init_weights` of Orion  

img_backbone.blocks.15.attn.q_bias - torch.Size([1024]): 
The value is the same before and after calling `init_weights` of Orion  

img_backbone.blocks.15.attn.v_bias - torch.Size([1024]): 
The value is the same before and after calling `init_weights` of Orion  

img_backbone.blocks.15.attn.q_proj.weight - torch.Size([1024, 1024]): 
The value is the same before and after calling `init_weights` of Orion  

img_backbone.blocks.15.attn.k_proj.weight - torch.Size([1024, 1024]): 
The value is the same before and after calling `init_weights` of Orion  

img_backbone.blocks.15.attn.v_proj.weight - torch.Size([1024, 1024]): 
The value is the same before and after calling `init_weights` of Orion  

img_backbone.blocks.15.attn.proj.weight - torch.Size([1024, 1024]): 
The value is the same before and after calling `init_weights` of Orion  

img_backbone.blocks.15.attn.proj.bias - torch.Size([1024]): 
The value is the same before and after calling `init_weights` of Orion  

img_backbone.blocks.15.norm2.weight - torch.Size([1024]): 
The value is the same before and after calling `init_weights` of Orion  

img_backbone.blocks.15.norm2.bias - torch.Size([1024]): 
The value is the same before and after calling `init_weights` of Orion  

img_backbone.blocks.15.mlp.w1.weight - torch.Size([2730, 1024]): 
The value is the same before and after calling `init_weights` of Orion  

img_backbone.blocks.15.mlp.w1.bias - torch.Size([2730]): 
The value is the same before and after calling `init_weights` of Orion  

img_backbone.blocks.15.mlp.w2.weight - torch.Size([2730, 1024]): 
The value is the same before and after calling `init_weights` of Orion  

img_backbone.blocks.15.mlp.w2.bias - torch.Size([2730]): 
The value is the same before and after calling `init_weights` of Orion  

img_backbone.blocks.15.mlp.ffn_ln.weight - torch.Size([2730]): 
The value is the same before and after calling `init_weights` of Orion  

img_backbone.blocks.15.mlp.ffn_ln.bias - torch.Size([2730]): 
The value is the same before and after calling `init_weights` of Orion  

img_backbone.blocks.15.mlp.w3.weight - torch.Size([1024, 2730]): 
The value is the same before and after calling `init_weights` of Orion  

img_backbone.blocks.15.mlp.w3.bias - torch.Size([1024]): 
The value is the same before and after calling `init_weights` of Orion  

img_backbone.blocks.16.norm1.weight - torch.Size([1024]): 
The value is the same before and after calling `init_weights` of Orion  

img_backbone.blocks.16.norm1.bias - torch.Size([1024]): 
The value is the same before and after calling `init_weights` of Orion  

img_backbone.blocks.16.attn.q_bias - torch.Size([1024]): 
The value is the same before and after calling `init_weights` of Orion  

img_backbone.blocks.16.attn.v_bias - torch.Size([1024]): 
The value is the same before and after calling `init_weights` of Orion  

img_backbone.blocks.16.attn.q_proj.weight - torch.Size([1024, 1024]): 
The value is the same before and after calling `init_weights` of Orion  

img_backbone.blocks.16.attn.k_proj.weight - torch.Size([1024, 1024]): 
The value is the same before and after calling `init_weights` of Orion  

img_backbone.blocks.16.attn.v_proj.weight - torch.Size([1024, 1024]): 
The value is the same before and after calling `init_weights` of Orion  

img_backbone.blocks.16.attn.proj.weight - torch.Size([1024, 1024]): 
The value is the same before and after calling `init_weights` of Orion  

img_backbone.blocks.16.attn.proj.bias - torch.Size([1024]): 
The value is the same before and after calling `init_weights` of Orion  

img_backbone.blocks.16.norm2.weight - torch.Size([1024]): 
The value is the same before and after calling `init_weights` of Orion  

img_backbone.blocks.16.norm2.bias - torch.Size([1024]): 
The value is the same before and after calling `init_weights` of Orion  

img_backbone.blocks.16.mlp.w1.weight - torch.Size([2730, 1024]): 
The value is the same before and after calling `init_weights` of Orion  

img_backbone.blocks.16.mlp.w1.bias - torch.Size([2730]): 
The value is the same before and after calling `init_weights` of Orion  

img_backbone.blocks.16.mlp.w2.weight - torch.Size([2730, 1024]): 
The value is the same before and after calling `init_weights` of Orion  

img_backbone.blocks.16.mlp.w2.bias - torch.Size([2730]): 
The value is the same before and after calling `init_weights` of Orion  

img_backbone.blocks.16.mlp.ffn_ln.weight - torch.Size([2730]): 
The value is the same before and after calling `init_weights` of Orion  

img_backbone.blocks.16.mlp.ffn_ln.bias - torch.Size([2730]): 
The value is the same before and after calling `init_weights` of Orion  

img_backbone.blocks.16.mlp.w3.weight - torch.Size([1024, 2730]): 
The value is the same before and after calling `init_weights` of Orion  

img_backbone.blocks.16.mlp.w3.bias - torch.Size([1024]): 
The value is the same before and after calling `init_weights` of Orion  

img_backbone.blocks.17.norm1.weight - torch.Size([1024]): 
The value is the same before and after calling `init_weights` of Orion  

img_backbone.blocks.17.norm1.bias - torch.Size([1024]): 
The value is the same before and after calling `init_weights` of Orion  

img_backbone.blocks.17.attn.q_bias - torch.Size([1024]): 
The value is the same before and after calling `init_weights` of Orion  

img_backbone.blocks.17.attn.v_bias - torch.Size([1024]): 
The value is the same before and after calling `init_weights` of Orion  

img_backbone.blocks.17.attn.q_proj.weight - torch.Size([1024, 1024]): 
The value is the same before and after calling `init_weights` of Orion  

img_backbone.blocks.17.attn.k_proj.weight - torch.Size([1024, 1024]): 
The value is the same before and after calling `init_weights` of Orion  

img_backbone.blocks.17.attn.v_proj.weight - torch.Size([1024, 1024]): 
The value is the same before and after calling `init_weights` of Orion  

img_backbone.blocks.17.attn.proj.weight - torch.Size([1024, 1024]): 
The value is the same before and after calling `init_weights` of Orion  

img_backbone.blocks.17.attn.proj.bias - torch.Size([1024]): 
The value is the same before and after calling `init_weights` of Orion  

img_backbone.blocks.17.norm2.weight - torch.Size([1024]): 
The value is the same before and after calling `init_weights` of Orion  

img_backbone.blocks.17.norm2.bias - torch.Size([1024]): 
The value is the same before and after calling `init_weights` of Orion  

img_backbone.blocks.17.mlp.w1.weight - torch.Size([2730, 1024]): 
The value is the same before and after calling `init_weights` of Orion  

img_backbone.blocks.17.mlp.w1.bias - torch.Size([2730]): 
The value is the same before and after calling `init_weights` of Orion  

img_backbone.blocks.17.mlp.w2.weight - torch.Size([2730, 1024]): 
The value is the same before and after calling `init_weights` of Orion  

img_backbone.blocks.17.mlp.w2.bias - torch.Size([2730]): 
The value is the same before and after calling `init_weights` of Orion  

img_backbone.blocks.17.mlp.ffn_ln.weight - torch.Size([2730]): 
The value is the same before and after calling `init_weights` of Orion  

img_backbone.blocks.17.mlp.ffn_ln.bias - torch.Size([2730]): 
The value is the same before and after calling `init_weights` of Orion  

img_backbone.blocks.17.mlp.w3.weight - torch.Size([1024, 2730]): 
The value is the same before and after calling `init_weights` of Orion  

img_backbone.blocks.17.mlp.w3.bias - torch.Size([1024]): 
The value is the same before and after calling `init_weights` of Orion  

img_backbone.blocks.18.norm1.weight - torch.Size([1024]): 
The value is the same before and after calling `init_weights` of Orion  

img_backbone.blocks.18.norm1.bias - torch.Size([1024]): 
The value is the same before and after calling `init_weights` of Orion  

img_backbone.blocks.18.attn.q_bias - torch.Size([1024]): 
The value is the same before and after calling `init_weights` of Orion  

img_backbone.blocks.18.attn.v_bias - torch.Size([1024]): 
The value is the same before and after calling `init_weights` of Orion  

img_backbone.blocks.18.attn.q_proj.weight - torch.Size([1024, 1024]): 
The value is the same before and after calling `init_weights` of Orion  

img_backbone.blocks.18.attn.k_proj.weight - torch.Size([1024, 1024]): 
The value is the same before and after calling `init_weights` of Orion  

img_backbone.blocks.18.attn.v_proj.weight - torch.Size([1024, 1024]): 
The value is the same before and after calling `init_weights` of Orion  

img_backbone.blocks.18.attn.proj.weight - torch.Size([1024, 1024]): 
The value is the same before and after calling `init_weights` of Orion  

img_backbone.blocks.18.attn.proj.bias - torch.Size([1024]): 
The value is the same before and after calling `init_weights` of Orion  

img_backbone.blocks.18.norm2.weight - torch.Size([1024]): 
The value is the same before and after calling `init_weights` of Orion  

img_backbone.blocks.18.norm2.bias - torch.Size([1024]): 
The value is the same before and after calling `init_weights` of Orion  

img_backbone.blocks.18.mlp.w1.weight - torch.Size([2730, 1024]): 
The value is the same before and after calling `init_weights` of Orion  

img_backbone.blocks.18.mlp.w1.bias - torch.Size([2730]): 
The value is the same before and after calling `init_weights` of Orion  

img_backbone.blocks.18.mlp.w2.weight - torch.Size([2730, 1024]): 
The value is the same before and after calling `init_weights` of Orion  

img_backbone.blocks.18.mlp.w2.bias - torch.Size([2730]): 
The value is the same before and after calling `init_weights` of Orion  

img_backbone.blocks.18.mlp.ffn_ln.weight - torch.Size([2730]): 
The value is the same before and after calling `init_weights` of Orion  

img_backbone.blocks.18.mlp.ffn_ln.bias - torch.Size([2730]): 
The value is the same before and after calling `init_weights` of Orion  

img_backbone.blocks.18.mlp.w3.weight - torch.Size([1024, 2730]): 
The value is the same before and after calling `init_weights` of Orion  

img_backbone.blocks.18.mlp.w3.bias - torch.Size([1024]): 
The value is the same before and after calling `init_weights` of Orion  

img_backbone.blocks.19.norm1.weight - torch.Size([1024]): 
The value is the same before and after calling `init_weights` of Orion  

img_backbone.blocks.19.norm1.bias - torch.Size([1024]): 
The value is the same before and after calling `init_weights` of Orion  

img_backbone.blocks.19.attn.q_bias - torch.Size([1024]): 
The value is the same before and after calling `init_weights` of Orion  

img_backbone.blocks.19.attn.v_bias - torch.Size([1024]): 
The value is the same before and after calling `init_weights` of Orion  

img_backbone.blocks.19.attn.q_proj.weight - torch.Size([1024, 1024]): 
The value is the same before and after calling `init_weights` of Orion  

img_backbone.blocks.19.attn.k_proj.weight - torch.Size([1024, 1024]): 
The value is the same before and after calling `init_weights` of Orion  

img_backbone.blocks.19.attn.v_proj.weight - torch.Size([1024, 1024]): 
The value is the same before and after calling `init_weights` of Orion  

img_backbone.blocks.19.attn.proj.weight - torch.Size([1024, 1024]): 
The value is the same before and after calling `init_weights` of Orion  

img_backbone.blocks.19.attn.proj.bias - torch.Size([1024]): 
The value is the same before and after calling `init_weights` of Orion  

img_backbone.blocks.19.norm2.weight - torch.Size([1024]): 
The value is the same before and after calling `init_weights` of Orion  

img_backbone.blocks.19.norm2.bias - torch.Size([1024]): 
The value is the same before and after calling `init_weights` of Orion  

img_backbone.blocks.19.mlp.w1.weight - torch.Size([2730, 1024]): 
The value is the same before and after calling `init_weights` of Orion  

img_backbone.blocks.19.mlp.w1.bias - torch.Size([2730]): 
The value is the same before and after calling `init_weights` of Orion  

img_backbone.blocks.19.mlp.w2.weight - torch.Size([2730, 1024]): 
The value is the same before and after calling `init_weights` of Orion  

img_backbone.blocks.19.mlp.w2.bias - torch.Size([2730]): 
The value is the same before and after calling `init_weights` of Orion  

img_backbone.blocks.19.mlp.ffn_ln.weight - torch.Size([2730]): 
The value is the same before and after calling `init_weights` of Orion  

img_backbone.blocks.19.mlp.ffn_ln.bias - torch.Size([2730]): 
The value is the same before and after calling `init_weights` of Orion  

img_backbone.blocks.19.mlp.w3.weight - torch.Size([1024, 2730]): 
The value is the same before and after calling `init_weights` of Orion  

img_backbone.blocks.19.mlp.w3.bias - torch.Size([1024]): 
The value is the same before and after calling `init_weights` of Orion  

img_backbone.blocks.20.norm1.weight - torch.Size([1024]): 
The value is the same before and after calling `init_weights` of Orion  

img_backbone.blocks.20.norm1.bias - torch.Size([1024]): 
The value is the same before and after calling `init_weights` of Orion  

img_backbone.blocks.20.attn.q_bias - torch.Size([1024]): 
The value is the same before and after calling `init_weights` of Orion  

img_backbone.blocks.20.attn.v_bias - torch.Size([1024]): 
The value is the same before and after calling `init_weights` of Orion  

img_backbone.blocks.20.attn.q_proj.weight - torch.Size([1024, 1024]): 
The value is the same before and after calling `init_weights` of Orion  

img_backbone.blocks.20.attn.k_proj.weight - torch.Size([1024, 1024]): 
The value is the same before and after calling `init_weights` of Orion  

img_backbone.blocks.20.attn.v_proj.weight - torch.Size([1024, 1024]): 
The value is the same before and after calling `init_weights` of Orion  

img_backbone.blocks.20.attn.proj.weight - torch.Size([1024, 1024]): 
The value is the same before and after calling `init_weights` of Orion  

img_backbone.blocks.20.attn.proj.bias - torch.Size([1024]): 
The value is the same before and after calling `init_weights` of Orion  

img_backbone.blocks.20.norm2.weight - torch.Size([1024]): 
The value is the same before and after calling `init_weights` of Orion  

img_backbone.blocks.20.norm2.bias - torch.Size([1024]): 
The value is the same before and after calling `init_weights` of Orion  

img_backbone.blocks.20.mlp.w1.weight - torch.Size([2730, 1024]): 
The value is the same before and after calling `init_weights` of Orion  

img_backbone.blocks.20.mlp.w1.bias - torch.Size([2730]): 
The value is the same before and after calling `init_weights` of Orion  

img_backbone.blocks.20.mlp.w2.weight - torch.Size([2730, 1024]): 
The value is the same before and after calling `init_weights` of Orion  

img_backbone.blocks.20.mlp.w2.bias - torch.Size([2730]): 
The value is the same before and after calling `init_weights` of Orion  

img_backbone.blocks.20.mlp.ffn_ln.weight - torch.Size([2730]): 
The value is the same before and after calling `init_weights` of Orion  

img_backbone.blocks.20.mlp.ffn_ln.bias - torch.Size([2730]): 
The value is the same before and after calling `init_weights` of Orion  

img_backbone.blocks.20.mlp.w3.weight - torch.Size([1024, 2730]): 
The value is the same before and after calling `init_weights` of Orion  

img_backbone.blocks.20.mlp.w3.bias - torch.Size([1024]): 
The value is the same before and after calling `init_weights` of Orion  

img_backbone.blocks.21.norm1.weight - torch.Size([1024]): 
The value is the same before and after calling `init_weights` of Orion  

img_backbone.blocks.21.norm1.bias - torch.Size([1024]): 
The value is the same before and after calling `init_weights` of Orion  

img_backbone.blocks.21.attn.q_bias - torch.Size([1024]): 
The value is the same before and after calling `init_weights` of Orion  

img_backbone.blocks.21.attn.v_bias - torch.Size([1024]): 
The value is the same before and after calling `init_weights` of Orion  

img_backbone.blocks.21.attn.q_proj.weight - torch.Size([1024, 1024]): 
The value is the same before and after calling `init_weights` of Orion  

img_backbone.blocks.21.attn.k_proj.weight - torch.Size([1024, 1024]): 
The value is the same before and after calling `init_weights` of Orion  

img_backbone.blocks.21.attn.v_proj.weight - torch.Size([1024, 1024]): 
The value is the same before and after calling `init_weights` of Orion  

img_backbone.blocks.21.attn.proj.weight - torch.Size([1024, 1024]): 
The value is the same before and after calling `init_weights` of Orion  

img_backbone.blocks.21.attn.proj.bias - torch.Size([1024]): 
The value is the same before and after calling `init_weights` of Orion  

img_backbone.blocks.21.norm2.weight - torch.Size([1024]): 
The value is the same before and after calling `init_weights` of Orion  

img_backbone.blocks.21.norm2.bias - torch.Size([1024]): 
The value is the same before and after calling `init_weights` of Orion  

img_backbone.blocks.21.mlp.w1.weight - torch.Size([2730, 1024]): 
The value is the same before and after calling `init_weights` of Orion  

img_backbone.blocks.21.mlp.w1.bias - torch.Size([2730]): 
The value is the same before and after calling `init_weights` of Orion  

img_backbone.blocks.21.mlp.w2.weight - torch.Size([2730, 1024]): 
The value is the same before and after calling `init_weights` of Orion  

img_backbone.blocks.21.mlp.w2.bias - torch.Size([2730]): 
The value is the same before and after calling `init_weights` of Orion  

img_backbone.blocks.21.mlp.ffn_ln.weight - torch.Size([2730]): 
The value is the same before and after calling `init_weights` of Orion  

img_backbone.blocks.21.mlp.ffn_ln.bias - torch.Size([2730]): 
The value is the same before and after calling `init_weights` of Orion  

img_backbone.blocks.21.mlp.w3.weight - torch.Size([1024, 2730]): 
The value is the same before and after calling `init_weights` of Orion  

img_backbone.blocks.21.mlp.w3.bias - torch.Size([1024]): 
The value is the same before and after calling `init_weights` of Orion  

img_backbone.blocks.22.norm1.weight - torch.Size([1024]): 
The value is the same before and after calling `init_weights` of Orion  

img_backbone.blocks.22.norm1.bias - torch.Size([1024]): 
The value is the same before and after calling `init_weights` of Orion  

img_backbone.blocks.22.attn.q_bias - torch.Size([1024]): 
The value is the same before and after calling `init_weights` of Orion  

img_backbone.blocks.22.attn.v_bias - torch.Size([1024]): 
The value is the same before and after calling `init_weights` of Orion  

img_backbone.blocks.22.attn.q_proj.weight - torch.Size([1024, 1024]): 
The value is the same before and after calling `init_weights` of Orion  

img_backbone.blocks.22.attn.k_proj.weight - torch.Size([1024, 1024]): 
The value is the same before and after calling `init_weights` of Orion  

img_backbone.blocks.22.attn.v_proj.weight - torch.Size([1024, 1024]): 
The value is the same before and after calling `init_weights` of Orion  

img_backbone.blocks.22.attn.proj.weight - torch.Size([1024, 1024]): 
The value is the same before and after calling `init_weights` of Orion  

img_backbone.blocks.22.attn.proj.bias - torch.Size([1024]): 
The value is the same before and after calling `init_weights` of Orion  

img_backbone.blocks.22.norm2.weight - torch.Size([1024]): 
The value is the same before and after calling `init_weights` of Orion  

img_backbone.blocks.22.norm2.bias - torch.Size([1024]): 
The value is the same before and after calling `init_weights` of Orion  

img_backbone.blocks.22.mlp.w1.weight - torch.Size([2730, 1024]): 
The value is the same before and after calling `init_weights` of Orion  

img_backbone.blocks.22.mlp.w1.bias - torch.Size([2730]): 
The value is the same before and after calling `init_weights` of Orion  

img_backbone.blocks.22.mlp.w2.weight - torch.Size([2730, 1024]): 
The value is the same before and after calling `init_weights` of Orion  

img_backbone.blocks.22.mlp.w2.bias - torch.Size([2730]): 
The value is the same before and after calling `init_weights` of Orion  

img_backbone.blocks.22.mlp.ffn_ln.weight - torch.Size([2730]): 
The value is the same before and after calling `init_weights` of Orion  

img_backbone.blocks.22.mlp.ffn_ln.bias - torch.Size([2730]): 
The value is the same before and after calling `init_weights` of Orion  

img_backbone.blocks.22.mlp.w3.weight - torch.Size([1024, 2730]): 
The value is the same before and after calling `init_weights` of Orion  

img_backbone.blocks.22.mlp.w3.bias - torch.Size([1024]): 
The value is the same before and after calling `init_weights` of Orion  

img_backbone.blocks.23.norm1.weight - torch.Size([1024]): 
The value is the same before and after calling `init_weights` of Orion  

img_backbone.blocks.23.norm1.bias - torch.Size([1024]): 
The value is the same before and after calling `init_weights` of Orion  

img_backbone.blocks.23.attn.q_bias - torch.Size([1024]): 
The value is the same before and after calling `init_weights` of Orion  

img_backbone.blocks.23.attn.v_bias - torch.Size([1024]): 
The value is the same before and after calling `init_weights` of Orion  

img_backbone.blocks.23.attn.q_proj.weight - torch.Size([1024, 1024]): 
The value is the same before and after calling `init_weights` of Orion  

img_backbone.blocks.23.attn.k_proj.weight - torch.Size([1024, 1024]): 
The value is the same before and after calling `init_weights` of Orion  

img_backbone.blocks.23.attn.v_proj.weight - torch.Size([1024, 1024]): 
The value is the same before and after calling `init_weights` of Orion  

img_backbone.blocks.23.attn.proj.weight - torch.Size([1024, 1024]): 
The value is the same before and after calling `init_weights` of Orion  

img_backbone.blocks.23.attn.proj.bias - torch.Size([1024]): 
The value is the same before and after calling `init_weights` of Orion  

img_backbone.blocks.23.norm2.weight - torch.Size([1024]): 
The value is the same before and after calling `init_weights` of Orion  

img_backbone.blocks.23.norm2.bias - torch.Size([1024]): 
The value is the same before and after calling `init_weights` of Orion  

img_backbone.blocks.23.mlp.w1.weight - torch.Size([2730, 1024]): 
The value is the same before and after calling `init_weights` of Orion  

img_backbone.blocks.23.mlp.w1.bias - torch.Size([2730]): 
The value is the same before and after calling `init_weights` of Orion  

img_backbone.blocks.23.mlp.w2.weight - torch.Size([2730, 1024]): 
The value is the same before and after calling `init_weights` of Orion  

img_backbone.blocks.23.mlp.w2.bias - torch.Size([2730]): 
The value is the same before and after calling `init_weights` of Orion  

img_backbone.blocks.23.mlp.ffn_ln.weight - torch.Size([2730]): 
The value is the same before and after calling `init_weights` of Orion  

img_backbone.blocks.23.mlp.ffn_ln.bias - torch.Size([2730]): 
The value is the same before and after calling `init_weights` of Orion  

img_backbone.blocks.23.mlp.w3.weight - torch.Size([1024, 2730]): 
The value is the same before and after calling `init_weights` of Orion  

img_backbone.blocks.23.mlp.w3.bias - torch.Size([1024]): 
The value is the same before and after calling `init_weights` of Orion  

map_head.code_weights - torch.Size([2]): 
The value is the same before and after calling `init_weights` of Orion  

map_head.match_costs - torch.Size([2]): 
The value is the same before and after calling `init_weights` of Orion  

map_head.pc_range - torch.Size([6]): 
The value is the same before and after calling `init_weights` of Orion  

map_head.cls_branches.0.0.weight - torch.Size([256, 256]): 
The value is the same before and after calling `init_weights` of Orion  

map_head.cls_branches.0.0.bias - torch.Size([256]): 
The value is the same before and after calling `init_weights` of Orion  

map_head.cls_branches.0.1.weight - torch.Size([256]): 
The value is the same before and after calling `init_weights` of Orion  

map_head.cls_branches.0.1.bias - torch.Size([256]): 
The value is the same before and after calling `init_weights` of Orion  

map_head.cls_branches.0.3.weight - torch.Size([256, 256]): 
The value is the same before and after calling `init_weights` of Orion  

map_head.cls_branches.0.3.bias - torch.Size([256]): 
The value is the same before and after calling `init_weights` of Orion  

map_head.cls_branches.0.4.weight - torch.Size([256]): 
The value is the same before and after calling `init_weights` of Orion  

map_head.cls_branches.0.4.bias - torch.Size([256]): 
The value is the same before and after calling `init_weights` of Orion  

map_head.cls_branches.0.6.weight - torch.Size([6, 256]): 
The value is the same before and after calling `init_weights` of Orion  

map_head.cls_branches.0.6.bias - torch.Size([6]): 
Initialized by user-defined `init_weights` in OrionHeadM  

map_head.reg_branches.0.0.weight - torch.Size([256, 256]): 
Initialized by user-defined `init_weights` in OrionHeadM  

map_head.reg_branches.0.0.bias - torch.Size([256]): 
The value is the same before and after calling `init_weights` of Orion  

map_head.reg_branches.0.2.weight - torch.Size([256, 256]): 
Initialized by user-defined `init_weights` in OrionHeadM  

map_head.reg_branches.0.2.bias - torch.Size([256]): 
The value is the same before and after calling `init_weights` of Orion  

map_head.reg_branches.0.4.weight - torch.Size([33, 256]): 
Initialized by user-defined `init_weights` in OrionHeadM  

map_head.reg_branches.0.4.bias - torch.Size([33]): 
The value is the same before and after calling `init_weights` of Orion  

map_head.input_projection.weight - torch.Size([256, 1024]): 
The value is the same before and after calling `init_weights` of Orion  

map_head.input_projection.bias - torch.Size([256]): 
The value is the same before and after calling `init_weights` of Orion  

map_head.output_projection.weight - torch.Size([4096, 256]): 
The value is the same before and after calling `init_weights` of Orion  

map_head.output_projection.bias - torch.Size([4096]): 
The value is the same before and after calling `init_weights` of Orion  

map_head.reference_points_lane.weight - torch.Size([3, 256]): 
Initialized by user-defined `init_weights` in OrionHeadM  

map_head.reference_points_lane.bias - torch.Size([3]): 
Initialized by user-defined `init_weights` in OrionHeadM  

map_head.points_embedding_lane.weight - torch.Size([11, 256]): 
The value is the same before and after calling `init_weights` of Orion  

map_head.instance_embedding_lane.weight - torch.Size([1800, 256]): 
The value is the same before and after calling `init_weights` of Orion  

map_head.query_embedding.weight - torch.Size([256, 256]): 
The value is the same before and after calling `init_weights` of Orion  

map_head.transformer.query_decoder._layers.0.transformer_layers.0.attn.in_proj_weight - torch.Size([768, 256]): 
The value is the same before and after calling `init_weights` of Orion  

map_head.transformer.query_decoder._layers.0.transformer_layers.0.attn.in_proj_bias - torch.Size([768]): 
The value is the same before and after calling `init_weights` of Orion  

map_head.transformer.query_decoder._layers.0.transformer_layers.0.attn.out_proj.weight - torch.Size([256, 256]): 
Initialized by user-defined `init_weights` in OrionHeadM  

map_head.transformer.query_decoder._layers.0.transformer_layers.0.attn.out_proj.bias - torch.Size([256]): 
The value is the same before and after calling `init_weights` of Orion  

map_head.transformer.query_decoder._layers.0.transformer_layers.1.weight - torch.Size([256]): 
The value is the same before and after calling `init_weights` of Orion  

map_head.transformer.query_decoder._layers.0.transformer_layers.1.bias - torch.Size([256]): 
The value is the same before and after calling `init_weights` of Orion  

map_head.transformer.query_decoder._layers.0.transformer_layers.2.attn.in_proj_weight - torch.Size([768, 256]): 
The value is the same before and after calling `init_weights` of Orion  

map_head.transformer.query_decoder._layers.0.transformer_layers.2.attn.in_proj_bias - torch.Size([768]): 
The value is the same before and after calling `init_weights` of Orion  

map_head.transformer.query_decoder._layers.0.transformer_layers.2.attn.out_proj.weight - torch.Size([256, 256]): 
Initialized by user-defined `init_weights` in OrionHeadM  

map_head.transformer.query_decoder._layers.0.transformer_layers.2.attn.out_proj.bias - torch.Size([256]): 
The value is the same before and after calling `init_weights` of Orion  

map_head.transformer.query_decoder._layers.0.transformer_layers.3.weight - torch.Size([256]): 
The value is the same before and after calling `init_weights` of Orion  

map_head.transformer.query_decoder._layers.0.transformer_layers.3.bias - torch.Size([256]): 
The value is the same before and after calling `init_weights` of Orion  

map_head.transformer.query_decoder._layers.0.transformer_layers.4._layers.0.weight - torch.Size([2048, 256]): 
Initialized by user-defined `init_weights` in OrionHeadM  

map_head.transformer.query_decoder._layers.0.transformer_layers.4._layers.0.bias - torch.Size([2048]): 
The value is the same before and after calling `init_weights` of Orion  

map_head.transformer.query_decoder._layers.0.transformer_layers.4._layers.3.weight - torch.Size([256, 2048]): 
Initialized by user-defined `init_weights` in OrionHeadM  

map_head.transformer.query_decoder._layers.0.transformer_layers.4._layers.3.bias - torch.Size([256]): 
The value is the same before and after calling `init_weights` of Orion  

map_head.transformer.query_decoder._layers.0.transformer_layers.5.weight - torch.Size([256]): 
The value is the same before and after calling `init_weights` of Orion  

map_head.transformer.query_decoder._layers.0.transformer_layers.5.bias - torch.Size([256]): 
The value is the same before and after calling `init_weights` of Orion  

map_head.transformer.query_decoder._layers.1.transformer_layers.0.attn.in_proj_weight - torch.Size([768, 256]): 
The value is the same before and after calling `init_weights` of Orion  

map_head.transformer.query_decoder._layers.1.transformer_layers.0.attn.in_proj_bias - torch.Size([768]): 
The value is the same before and after calling `init_weights` of Orion  

map_head.transformer.query_decoder._layers.1.transformer_layers.0.attn.out_proj.weight - torch.Size([256, 256]): 
Initialized by user-defined `init_weights` in OrionHeadM  

map_head.transformer.query_decoder._layers.1.transformer_layers.0.attn.out_proj.bias - torch.Size([256]): 
The value is the same before and after calling `init_weights` of Orion  

map_head.transformer.query_decoder._layers.1.transformer_layers.1.weight - torch.Size([256]): 
The value is the same before and after calling `init_weights` of Orion  

map_head.transformer.query_decoder._layers.1.transformer_layers.1.bias - torch.Size([256]): 
The value is the same before and after calling `init_weights` of Orion  

map_head.transformer.query_decoder._layers.1.transformer_layers.2.attn.in_proj_weight - torch.Size([768, 256]): 
The value is the same before and after calling `init_weights` of Orion  

map_head.transformer.query_decoder._layers.1.transformer_layers.2.attn.in_proj_bias - torch.Size([768]): 
The value is the same before and after calling `init_weights` of Orion  

map_head.transformer.query_decoder._layers.1.transformer_layers.2.attn.out_proj.weight - torch.Size([256, 256]): 
Initialized by user-defined `init_weights` in OrionHeadM  

map_head.transformer.query_decoder._layers.1.transformer_layers.2.attn.out_proj.bias - torch.Size([256]): 
The value is the same before and after calling `init_weights` of Orion  

map_head.transformer.query_decoder._layers.1.transformer_layers.3.weight - torch.Size([256]): 
The value is the same before and after calling `init_weights` of Orion  

map_head.transformer.query_decoder._layers.1.transformer_layers.3.bias - torch.Size([256]): 
The value is the same before and after calling `init_weights` of Orion  

map_head.transformer.query_decoder._layers.1.transformer_layers.4._layers.0.weight - torch.Size([2048, 256]): 
Initialized by user-defined `init_weights` in OrionHeadM  

map_head.transformer.query_decoder._layers.1.transformer_layers.4._layers.0.bias - torch.Size([2048]): 
The value is the same before and after calling `init_weights` of Orion  

map_head.transformer.query_decoder._layers.1.transformer_layers.4._layers.3.weight - torch.Size([256, 2048]): 
Initialized by user-defined `init_weights` in OrionHeadM  

map_head.transformer.query_decoder._layers.1.transformer_layers.4._layers.3.bias - torch.Size([256]): 
The value is the same before and after calling `init_weights` of Orion  

map_head.transformer.query_decoder._layers.1.transformer_layers.5.weight - torch.Size([256]): 
The value is the same before and after calling `init_weights` of Orion  

map_head.transformer.query_decoder._layers.1.transformer_layers.5.bias - torch.Size([256]): 
The value is the same before and after calling `init_weights` of Orion  

map_head.transformer.query_decoder._layers.2.transformer_layers.0.attn.in_proj_weight - torch.Size([768, 256]): 
The value is the same before and after calling `init_weights` of Orion  

map_head.transformer.query_decoder._layers.2.transformer_layers.0.attn.in_proj_bias - torch.Size([768]): 
The value is the same before and after calling `init_weights` of Orion  

map_head.transformer.query_decoder._layers.2.transformer_layers.0.attn.out_proj.weight - torch.Size([256, 256]): 
Initialized by user-defined `init_weights` in OrionHeadM  

map_head.transformer.query_decoder._layers.2.transformer_layers.0.attn.out_proj.bias - torch.Size([256]): 
The value is the same before and after calling `init_weights` of Orion  

map_head.transformer.query_decoder._layers.2.transformer_layers.1.weight - torch.Size([256]): 
The value is the same before and after calling `init_weights` of Orion  

map_head.transformer.query_decoder._layers.2.transformer_layers.1.bias - torch.Size([256]): 
The value is the same before and after calling `init_weights` of Orion  

map_head.transformer.query_decoder._layers.2.transformer_layers.2.attn.in_proj_weight - torch.Size([768, 256]): 
The value is the same before and after calling `init_weights` of Orion  

map_head.transformer.query_decoder._layers.2.transformer_layers.2.attn.in_proj_bias - torch.Size([768]): 
The value is the same before and after calling `init_weights` of Orion  

map_head.transformer.query_decoder._layers.2.transformer_layers.2.attn.out_proj.weight - torch.Size([256, 256]): 
Initialized by user-defined `init_weights` in OrionHeadM  

map_head.transformer.query_decoder._layers.2.transformer_layers.2.attn.out_proj.bias - torch.Size([256]): 
The value is the same before and after calling `init_weights` of Orion  

map_head.transformer.query_decoder._layers.2.transformer_layers.3.weight - torch.Size([256]): 
The value is the same before and after calling `init_weights` of Orion  

map_head.transformer.query_decoder._layers.2.transformer_layers.3.bias - torch.Size([256]): 
The value is the same before and after calling `init_weights` of Orion  

map_head.transformer.query_decoder._layers.2.transformer_layers.4._layers.0.weight - torch.Size([2048, 256]): 
Initialized by user-defined `init_weights` in OrionHeadM  

map_head.transformer.query_decoder._layers.2.transformer_layers.4._layers.0.bias - torch.Size([2048]): 
The value is the same before and after calling `init_weights` of Orion  

map_head.transformer.query_decoder._layers.2.transformer_layers.4._layers.3.weight - torch.Size([256, 2048]): 
Initialized by user-defined `init_weights` in OrionHeadM  

map_head.transformer.query_decoder._layers.2.transformer_layers.4._layers.3.bias - torch.Size([256]): 
The value is the same before and after calling `init_weights` of Orion  

map_head.transformer.query_decoder._layers.2.transformer_layers.5.weight - torch.Size([256]): 
The value is the same before and after calling `init_weights` of Orion  

map_head.transformer.query_decoder._layers.2.transformer_layers.5.bias - torch.Size([256]): 
The value is the same before and after calling `init_weights` of Orion  

map_head.transformer.query_decoder._layers.3.transformer_layers.0.attn.in_proj_weight - torch.Size([768, 256]): 
The value is the same before and after calling `init_weights` of Orion  

map_head.transformer.query_decoder._layers.3.transformer_layers.0.attn.in_proj_bias - torch.Size([768]): 
The value is the same before and after calling `init_weights` of Orion  

map_head.transformer.query_decoder._layers.3.transformer_layers.0.attn.out_proj.weight - torch.Size([256, 256]): 
Initialized by user-defined `init_weights` in OrionHeadM  

map_head.transformer.query_decoder._layers.3.transformer_layers.0.attn.out_proj.bias - torch.Size([256]): 
The value is the same before and after calling `init_weights` of Orion  

map_head.transformer.query_decoder._layers.3.transformer_layers.1.weight - torch.Size([256]): 
The value is the same before and after calling `init_weights` of Orion  

map_head.transformer.query_decoder._layers.3.transformer_layers.1.bias - torch.Size([256]): 
The value is the same before and after calling `init_weights` of Orion  

map_head.transformer.query_decoder._layers.3.transformer_layers.2.attn.in_proj_weight - torch.Size([768, 256]): 
The value is the same before and after calling `init_weights` of Orion  

map_head.transformer.query_decoder._layers.3.transformer_layers.2.attn.in_proj_bias - torch.Size([768]): 
The value is the same before and after calling `init_weights` of Orion  

map_head.transformer.query_decoder._layers.3.transformer_layers.2.attn.out_proj.weight - torch.Size([256, 256]): 
Initialized by user-defined `init_weights` in OrionHeadM  

map_head.transformer.query_decoder._layers.3.transformer_layers.2.attn.out_proj.bias - torch.Size([256]): 
The value is the same before and after calling `init_weights` of Orion  

map_head.transformer.query_decoder._layers.3.transformer_layers.3.weight - torch.Size([256]): 
The value is the same before and after calling `init_weights` of Orion  

map_head.transformer.query_decoder._layers.3.transformer_layers.3.bias - torch.Size([256]): 
The value is the same before and after calling `init_weights` of Orion  

map_head.transformer.query_decoder._layers.3.transformer_layers.4._layers.0.weight - torch.Size([2048, 256]): 
Initialized by user-defined `init_weights` in OrionHeadM  

map_head.transformer.query_decoder._layers.3.transformer_layers.4._layers.0.bias - torch.Size([2048]): 
The value is the same before and after calling `init_weights` of Orion  

map_head.transformer.query_decoder._layers.3.transformer_layers.4._layers.3.weight - torch.Size([256, 2048]): 
Initialized by user-defined `init_weights` in OrionHeadM  

map_head.transformer.query_decoder._layers.3.transformer_layers.4._layers.3.bias - torch.Size([256]): 
The value is the same before and after calling `init_weights` of Orion  

map_head.transformer.query_decoder._layers.3.transformer_layers.5.weight - torch.Size([256]): 
The value is the same before and after calling `init_weights` of Orion  

map_head.transformer.query_decoder._layers.3.transformer_layers.5.bias - torch.Size([256]): 
The value is the same before and after calling `init_weights` of Orion  

map_head.transformer.query_decoder._layers.4.transformer_layers.0.attn.in_proj_weight - torch.Size([768, 256]): 
The value is the same before and after calling `init_weights` of Orion  

map_head.transformer.query_decoder._layers.4.transformer_layers.0.attn.in_proj_bias - torch.Size([768]): 
The value is the same before and after calling `init_weights` of Orion  

map_head.transformer.query_decoder._layers.4.transformer_layers.0.attn.out_proj.weight - torch.Size([256, 256]): 
Initialized by user-defined `init_weights` in OrionHeadM  

map_head.transformer.query_decoder._layers.4.transformer_layers.0.attn.out_proj.bias - torch.Size([256]): 
The value is the same before and after calling `init_weights` of Orion  

map_head.transformer.query_decoder._layers.4.transformer_layers.1.weight - torch.Size([256]): 
The value is the same before and after calling `init_weights` of Orion  

map_head.transformer.query_decoder._layers.4.transformer_layers.1.bias - torch.Size([256]): 
The value is the same before and after calling `init_weights` of Orion  

map_head.transformer.query_decoder._layers.4.transformer_layers.2.attn.in_proj_weight - torch.Size([768, 256]): 
The value is the same before and after calling `init_weights` of Orion  

map_head.transformer.query_decoder._layers.4.transformer_layers.2.attn.in_proj_bias - torch.Size([768]): 
The value is the same before and after calling `init_weights` of Orion  

map_head.transformer.query_decoder._layers.4.transformer_layers.2.attn.out_proj.weight - torch.Size([256, 256]): 
Initialized by user-defined `init_weights` in OrionHeadM  

map_head.transformer.query_decoder._layers.4.transformer_layers.2.attn.out_proj.bias - torch.Size([256]): 
The value is the same before and after calling `init_weights` of Orion  

map_head.transformer.query_decoder._layers.4.transformer_layers.3.weight - torch.Size([256]): 
The value is the same before and after calling `init_weights` of Orion  

map_head.transformer.query_decoder._layers.4.transformer_layers.3.bias - torch.Size([256]): 
The value is the same before and after calling `init_weights` of Orion  

map_head.transformer.query_decoder._layers.4.transformer_layers.4._layers.0.weight - torch.Size([2048, 256]): 
Initialized by user-defined `init_weights` in OrionHeadM  

map_head.transformer.query_decoder._layers.4.transformer_layers.4._layers.0.bias - torch.Size([2048]): 
The value is the same before and after calling `init_weights` of Orion  

map_head.transformer.query_decoder._layers.4.transformer_layers.4._layers.3.weight - torch.Size([256, 2048]): 
Initialized by user-defined `init_weights` in OrionHeadM  

map_head.transformer.query_decoder._layers.4.transformer_layers.4._layers.3.bias - torch.Size([256]): 
The value is the same before and after calling `init_weights` of Orion  

map_head.transformer.query_decoder._layers.4.transformer_layers.5.weight - torch.Size([256]): 
The value is the same before and after calling `init_weights` of Orion  

map_head.transformer.query_decoder._layers.4.transformer_layers.5.bias - torch.Size([256]): 
The value is the same before and after calling `init_weights` of Orion  

map_head.transformer.query_decoder._layers.5.transformer_layers.0.attn.in_proj_weight - torch.Size([768, 256]): 
The value is the same before and after calling `init_weights` of Orion  

map_head.transformer.query_decoder._layers.5.transformer_layers.0.attn.in_proj_bias - torch.Size([768]): 
The value is the same before and after calling `init_weights` of Orion  

map_head.transformer.query_decoder._layers.5.transformer_layers.0.attn.out_proj.weight - torch.Size([256, 256]): 
Initialized by user-defined `init_weights` in OrionHeadM  

map_head.transformer.query_decoder._layers.5.transformer_layers.0.attn.out_proj.bias - torch.Size([256]): 
The value is the same before and after calling `init_weights` of Orion  

map_head.transformer.query_decoder._layers.5.transformer_layers.1.weight - torch.Size([256]): 
The value is the same before and after calling `init_weights` of Orion  

map_head.transformer.query_decoder._layers.5.transformer_layers.1.bias - torch.Size([256]): 
The value is the same before and after calling `init_weights` of Orion  

map_head.transformer.query_decoder._layers.5.transformer_layers.2.attn.in_proj_weight - torch.Size([768, 256]): 
The value is the same before and after calling `init_weights` of Orion  

map_head.transformer.query_decoder._layers.5.transformer_layers.2.attn.in_proj_bias - torch.Size([768]): 
The value is the same before and after calling `init_weights` of Orion  

map_head.transformer.query_decoder._layers.5.transformer_layers.2.attn.out_proj.weight - torch.Size([256, 256]): 
Initialized by user-defined `init_weights` in OrionHeadM  

map_head.transformer.query_decoder._layers.5.transformer_layers.2.attn.out_proj.bias - torch.Size([256]): 
The value is the same before and after calling `init_weights` of Orion  

map_head.transformer.query_decoder._layers.5.transformer_layers.3.weight - torch.Size([256]): 
The value is the same before and after calling `init_weights` of Orion  

map_head.transformer.query_decoder._layers.5.transformer_layers.3.bias - torch.Size([256]): 
The value is the same before and after calling `init_weights` of Orion  

map_head.transformer.query_decoder._layers.5.transformer_layers.4._layers.0.weight - torch.Size([2048, 256]): 
Initialized by user-defined `init_weights` in OrionHeadM  

map_head.transformer.query_decoder._layers.5.transformer_layers.4._layers.0.bias - torch.Size([2048]): 
The value is the same before and after calling `init_weights` of Orion  

map_head.transformer.query_decoder._layers.5.transformer_layers.4._layers.3.weight - torch.Size([256, 2048]): 
Initialized by user-defined `init_weights` in OrionHeadM  

map_head.transformer.query_decoder._layers.5.transformer_layers.4._layers.3.bias - torch.Size([256]): 
The value is the same before and after calling `init_weights` of Orion  

map_head.transformer.query_decoder._layers.5.transformer_layers.5.weight - torch.Size([256]): 
The value is the same before and after calling `init_weights` of Orion  

map_head.transformer.query_decoder._layers.5.transformer_layers.5.bias - torch.Size([256]): 
The value is the same before and after calling `init_weights` of Orion  

position_encoder.0.weight - torch.Size([1024, 192]): 
The value is the same before and after calling `init_weights` of Orion  

position_encoder.0.bias - torch.Size([1024]): 
The value is the same before and after calling `init_weights` of Orion  

position_encoder.2.weight - torch.Size([256, 1024]): 
The value is the same before and after calling `init_weights` of Orion  

position_encoder.2.bias - torch.Size([256]): 
The value is the same before and after calling `init_weights` of Orion  
2025-11-29 18:03:33,756 - mmdet - INFO - Model:
Orion(
  (pts_bbox_head): OrionHead(
    (loss_cls): FocalLoss()
    (loss_bbox): L1Loss()
    (cls_branches): ModuleList(
      (0-5): 6 x Sequential(
        (0): Linear(in_features=256, out_features=256, bias=True)
        (1): LayerNorm((256,), eps=1e-05, elementwise_affine=True)
        (2): ReLU(inplace=True)
        (3): Linear(in_features=256, out_features=256, bias=True)
        (4): LayerNorm((256,), eps=1e-05, elementwise_affine=True)
        (5): ReLU(inplace=True)
        (6): Linear(in_features=256, out_features=9, bias=True)
      )
    )
    (reg_branches): ModuleList(
      (0-5): 6 x Sequential(
        (0): Linear(in_features=256, out_features=256, bias=True)
        (1): ReLU()
        (2): Linear(in_features=256, out_features=256, bias=True)
        (3): ReLU()
        (4): Linear(in_features=256, out_features=10, bias=True)
      )
    )
    (input_projection): Linear(in_features=1024, out_features=256, bias=True)
    (output_projection): Linear(in_features=256, out_features=4096, bias=True)
    (reference_points): Embedding(600, 3)
    (pseudo_reference_points): Embedding(300, 3)
    (query_embedding): Embedding(256, 256)
    (can_bus_embed): Sequential(
      (0): Linear(in_features=89, out_features=1024, bias=True)
      (1): ReLU()
      (2): Linear(in_features=1024, out_features=4096, bias=True)
    )
    (loss_traj): L1Loss()
    (loss_traj_cls): FocalLoss()
    (loss_iou): GIoULoss()
    (transformer): PETRTemporalTransformer(
      (query_decoder): PETRTransformerDecoder(
        (_layers): ModuleList(
          (0-5): 6 x PETRTransformerDecoderLayer(
            (transformer_layers): ModuleList(
              (0): MultiHeadAttentionwDropout(
                (attn): MultiheadAttention(
                  (out_proj): NonDynamicallyQuantizableLinear(in_features=256, out_features=256, bias=True)
                )
                (proj_drop): Dropout(p=0.1, inplace=False)
              )
              (1): LayerNorm((256,), eps=1e-05, elementwise_affine=True)
              (2): MultiHeadAttentionwDropout(
                (attn): FlashMHA(
                  (inner_attn): FlashAttention()
                  (out_proj): Linear(in_features=256, out_features=256, bias=True)
                )
                (proj_drop): Dropout(p=0.1, inplace=False)
              )
              (3): LayerNorm((256,), eps=1e-05, elementwise_affine=True)
              (4): FFN(
                (_layers): Sequential(
                  (0): Linear(in_features=256, out_features=2048, bias=True)
                  (1): ReLU(inplace=True)
                  (2): Dropout(p=0.1, inplace=False)
                  (3): Linear(in_features=2048, out_features=256, bias=True)
                  (4): Dropout(p=0.1, inplace=False)
                )
              )
              (5): LayerNorm((256,), eps=1e-05, elementwise_affine=True)
            )
          )
        )
      )
    )
    (memory_query): Embedding(16, 256)
    (scene_time_embedding): Sequential(
      (0): Linear(in_features=256, out_features=256, bias=True)
      (1): LayerNorm((256,), eps=1e-05, elementwise_affine=True)
    )
    (memory_decoder_cq): OrionTransformerDecoder(
      (_layers): ModuleList(
        (0): OrionTransformerDecoderLayer(
          (transformer_layers): ModuleList(
            (0): MultiHeadAttentionwDropout(
              (attn): FlashMHA(
                (inner_attn): FlashAttention()
                (out_proj): Linear(in_features=256, out_features=256, bias=False)
              )
              (proj_drop): Dropout(p=0.0, inplace=False)
            )
            (1): LayerNorm((256,), eps=1e-05, elementwise_affine=True)
            (2): FFN(
              (_layers): Sequential(
                (0): Linear(in_features=256, out_features=512, bias=True)
                (1): ReLU(inplace=True)
                (2): Dropout(p=0.0, inplace=False)
                (3): Linear(in_features=512, out_features=256, bias=True)
                (4): Dropout(p=0.0, inplace=False)
              )
            )
            (3): LayerNorm((256,), eps=1e-05, elementwise_affine=True)
          )
        )
      )
    )
    (memory_decoder_mq): OrionTransformerDecoder(
      (_layers): ModuleList(
        (0): OrionTransformerDecoderLayer(
          (transformer_layers): ModuleList(
            (0): MultiHeadAttentionwDropout(
              (attn): FlashMHA(
                (inner_attn): FlashAttention()
                (out_proj): Linear(in_features=256, out_features=256, bias=False)
              )
              (proj_drop): Dropout(p=0.0, inplace=False)
            )
            (1): LayerNorm((256,), eps=1e-05, elementwise_affine=True)
            (2): FFN(
              (_layers): Sequential(
                (0): Linear(in_features=256, out_features=512, bias=True)
                (1): ReLU(inplace=True)
                (2): Dropout(p=0.0, inplace=False)
                (3): Linear(in_features=512, out_features=256, bias=True)
                (4): Dropout(p=0.0, inplace=False)
              )
            )
            (3): LayerNorm((256,), eps=1e-05, elementwise_affine=True)
          )
        )
      )
    )
    (loss_traffic): FocalLoss()
    (tl_branches): ModuleList(
      (0-5): 6 x Sequential(
        (0): Linear(in_features=256, out_features=256, bias=True)
        (1): LayerNorm((256,), eps=1e-05, elementwise_affine=True)
        (2): ReLU(inplace=True)
        (3): Linear(in_features=256, out_features=256, bias=True)
        (4): LayerNorm((256,), eps=1e-05, elementwise_affine=True)
        (5): ReLU(inplace=True)
        (6): Linear(in_features=256, out_features=4, bias=True)
      )
    )
    (query_pos): Sequential(
      (0): Linear(in_features=396, out_features=256, bias=True)
      (1): ReLU()
      (2): Linear(in_features=256, out_features=256, bias=True)
    )
    (time_embedding): Sequential(
      (0): Linear(in_features=256, out_features=256, bias=True)
      (1): LayerNorm((256,), eps=1e-05, elementwise_affine=True)
    )
    (ego_pose_pe): MLN(
      (reduce): Sequential(
        (0): Linear(in_features=156, out_features=256, bias=True)
        (1): ReLU()
      )
      (gamma): Linear(in_features=256, out_features=256, bias=True)
      (beta): Linear(in_features=256, out_features=256, bias=True)
      (ln): LayerNorm((256,), eps=1e-05, elementwise_affine=False)
    )
  )
  (img_backbone): EVAViT(
    (patch_embed): PatchEmbed(
      (proj): Conv2d(3, 1024, kernel_size=(16, 16), stride=(16, 16))
    )
    (rope_win): VisionRotaryEmbeddingFast()
    (rope_glb): VisionRotaryEmbeddingFast()
    (blocks): ModuleList(
      (0): Block(
        (norm1): LayerNorm((1024,), eps=1e-06, elementwise_affine=True)
        (attn): Attention(
          (q_proj): Linear(in_features=1024, out_features=1024, bias=False)
          (k_proj): Linear(in_features=1024, out_features=1024, bias=False)
          (v_proj): Linear(in_features=1024, out_features=1024, bias=False)
          (rope): VisionRotaryEmbeddingFast()
          (proj): Linear(in_features=1024, out_features=1024, bias=True)
          (inner_attn_ln): Identity()
          (inner_attn): FlashAttention()
        )
        (drop_path): Identity()
        (norm2): LayerNorm((1024,), eps=1e-06, elementwise_affine=True)
        (mlp): SwiGLU(
          (w1): Linear(in_features=1024, out_features=2730, bias=True)
          (w2): Linear(in_features=1024, out_features=2730, bias=True)
          (act): SiLU()
          (ffn_ln): LayerNorm((2730,), eps=1e-06, elementwise_affine=True)
          (w3): Linear(in_features=2730, out_features=1024, bias=True)
          (drop): Dropout(p=0.0, inplace=False)
        )
      )
      (1-23): 23 x Block(
        (norm1): LayerNorm((1024,), eps=1e-06, elementwise_affine=True)
        (attn): Attention(
          (q_proj): Linear(in_features=1024, out_features=1024, bias=False)
          (k_proj): Linear(in_features=1024, out_features=1024, bias=False)
          (v_proj): Linear(in_features=1024, out_features=1024, bias=False)
          (rope): VisionRotaryEmbeddingFast()
          (proj): Linear(in_features=1024, out_features=1024, bias=True)
          (inner_attn_ln): Identity()
          (inner_attn): FlashAttention()
        )
        (drop_path): DropPath()
        (norm2): LayerNorm((1024,), eps=1e-06, elementwise_affine=True)
        (mlp): SwiGLU(
          (w1): Linear(in_features=1024, out_features=2730, bias=True)
          (w2): Linear(in_features=1024, out_features=2730, bias=True)
          (act): SiLU()
          (ffn_ln): LayerNorm((2730,), eps=1e-06, elementwise_affine=True)
          (w3): Linear(in_features=2730, out_features=1024, bias=True)
          (drop): Dropout(p=0.0, inplace=False)
        )
      )
    )
  )
  (grid_mask): GridMask()
  (query_pos): Sequential(
    (0): Linear(in_features=396, out_features=256, bias=True)
    (1): ReLU()
    (2): Linear(in_features=256, out_features=256, bias=True)
  )
  (time_embedding): Sequential(
    (0): Linear(in_features=256, out_features=256, bias=True)
    (1): LayerNorm((256,), eps=1e-05, elementwise_affine=True)
  )
  (ego_pose_pe): MLN(
    (reduce): Sequential(
      (0): Linear(in_features=156, out_features=256, bias=True)
      (1): ReLU()
    )
    (gamma): Linear(in_features=256, out_features=256, bias=True)
    (beta): Linear(in_features=256, out_features=256, bias=True)
    (ln): LayerNorm((256,), eps=1e-05, elementwise_affine=False)
  )
  (map_head): OrionHeadM(
    (loss_cls): FocalLoss()
    (loss_bbox): L1Loss()
    (cls_branches): ModuleList(
      (0-5): 6 x Sequential(
        (0): Linear(in_features=256, out_features=256, bias=True)
        (1): LayerNorm((256,), eps=1e-05, elementwise_affine=True)
        (2): ReLU(inplace=True)
        (3): Linear(in_features=256, out_features=256, bias=True)
        (4): LayerNorm((256,), eps=1e-05, elementwise_affine=True)
        (5): ReLU(inplace=True)
        (6): Linear(in_features=256, out_features=6, bias=True)
      )
    )
    (reg_branches): ModuleList(
      (0-5): 6 x Sequential(
        (0): Linear(in_features=256, out_features=256, bias=True)
        (1): ReLU()
        (2): Linear(in_features=256, out_features=256, bias=True)
        (3): ReLU()
        (4): Linear(in_features=256, out_features=33, bias=True)
      )
    )
    (input_projection): Linear(in_features=1024, out_features=256, bias=True)
    (output_projection): Linear(in_features=256, out_features=4096, bias=True)
    (reference_points_lane): Linear(in_features=256, out_features=3, bias=True)
    (points_embedding_lane): Embedding(11, 256)
    (instance_embedding_lane): Embedding(1800, 256)
    (query_embedding): Embedding(256, 256)
    (loss_dir): PtsDirCosLoss()
    (transformer): PETRTemporalTransformer(
      (query_decoder): PETRTransformerDecoder(
        (_layers): ModuleList(
          (0-5): 6 x PETRTransformerDecoderLayer(
            (transformer_layers): ModuleList(
              (0): MultiHeadAttentionwDropout(
                (attn): MultiheadAttention(
                  (out_proj): NonDynamicallyQuantizableLinear(in_features=256, out_features=256, bias=True)
                )
                (proj_drop): Dropout(p=0.1, inplace=False)
              )
              (1): LayerNorm((256,), eps=1e-05, elementwise_affine=True)
              (2): MultiHeadAttentionwDropout(
                (attn): FlashMHA(
                  (inner_attn): FlashAttention()
                  (out_proj): Linear(in_features=256, out_features=256, bias=True)
                )
                (proj_drop): Dropout(p=0.1, inplace=False)
              )
              (3): LayerNorm((256,), eps=1e-05, elementwise_affine=True)
              (4): FFN(
                (_layers): Sequential(
                  (0): Linear(in_features=256, out_features=2048, bias=True)
                  (1): ReLU(inplace=True)
                  (2): Dropout(p=0.1, inplace=False)
                  (3): Linear(in_features=2048, out_features=256, bias=True)
                  (4): Dropout(p=0.1, inplace=False)
                )
              )
              (5): LayerNorm((256,), eps=1e-05, elementwise_affine=True)
            )
          )
        )
      )
    )
    (query_pos): Sequential(
      (0): Linear(in_features=396, out_features=256, bias=True)
      (1): ReLU()
      (2): Linear(in_features=256, out_features=256, bias=True)
    )
    (time_embedding): Sequential(
      (0): Linear(in_features=256, out_features=256, bias=True)
      (1): LayerNorm((256,), eps=1e-05, elementwise_affine=True)
    )
    (ego_pose_pe): MLN(
      (reduce): Sequential(
        (0): Linear(in_features=156, out_features=256, bias=True)
        (1): ReLU()
      )
      (gamma): Linear(in_features=256, out_features=256, bias=True)
      (beta): Linear(in_features=256, out_features=256, bias=True)
      (ln): LayerNorm((256,), eps=1e-05, elementwise_affine=False)
    )
  )
  (position_encoder): Sequential(
    (0): Linear(in_features=192, out_features=1024, bias=True)
    (1): ReLU()
    (2): Linear(in_features=1024, out_features=256, bias=True)
  )
)
